State,department,NSN,item,Quantity,UI,cost,DEMIL Code,DEMIL IC,Ship Date
SD,ABERDEEN POLICE DEPT,2355-01-602-3357,MINE RESISTANT VEHICLE,1,Each,"$865,000.00 ",C,1,12/1/2016 0:00
SD,ALCESTER POLICE DEPT,1005-00-073-9421,"RIFLE,5.56 MILLIMETER",1,Each,$499.00 ,D,1,2/23/2012 0:00
SD,ALCESTER POLICE DEPT,1005-00-073-9421,"RIFLE,5.56 MILLIMETER",1,Each,$499.00 ,D,1,2/23/2012 0:00
SD,AVON POLICE DEPT,1005-01-233-8529,BARREL AND FRONT SIGHT ASSEMBLY,1,Each,$115.00 ,D,1,11/14/2017 0:00
SD,AVON POLICE DEPT,1005-00-726-5655,"PISTOL,CALIBER .45,AUTOMATIC",1,Each,$58.71 ,D,1,3/4/2010 0:00
SD,AVON POLICE DEPT,1005-00-073-9421,"RIFLE,5.56 MILLIMETER",1,Each,$499.00 ,D,1,12/28/1998 0:00
SD,BEADLE COUNTY SHERIFFS DEPT,1005-00-073-9421,"RIFLE,5.56 MILLIMETER",1,Each,$499.00 ,D,1,10/15/2002 0:00
SD,BEADLE COUNTY SHERIFFS DEPT,1005-00-073-9421,"RIFLE,5.56 MILLIMETER",1,Each,$499.00 ,D,1,10/15/2002 0:00
SD,BEADLE COUNTY SHERIFFS DEPT,1005-00-073-9421,"RIFLE,5.56 MILLIMETER",1,Each,$499.00 ,D,1,10/15/2002 0:00
SD,BEADLE COUNTY SHERIFFS DEPT,1240-01-411-1265,"SIGHT,REFLEX",1,Each,$335.00 ,D,1,2/4/2010 0:00
SD,BEADLE COUNTY SHERIFFS DEPT,1005-00-073-9421,"RIFLE,5.56 MILLIMETER",1,Each,$499.00 ,D,1,10/15/2002 0:00
SD,BEADLE COUNTY SHERIFFS DEPT,1240-01-411-1265,"SIGHT,REFLEX",1,Each,$335.00 ,D,1,2/4/2010 0:00
SD,BEADLE COUNTY SHERIFFS DEPT,1240-01-411-1265,"SIGHT,REFLEX",1,Each,$335.00 ,D,1,2/4/2010 0:00
SD,BEADLE COUNTY SHERIFFS DEPT,1005-00-073-9421,"RIFLE,5.56 MILLIMETER",1,Each,$499.00 ,D,1,10/15/2002 0:00
SD,BEADLE COUNTY SHERIFFS DEPT,1005-00-073-9421,"RIFLE,5.56 MILLIMETER",1,Each,$499.00 ,D,1,10/15/2002 0:00
SD,BEADLE COUNTY SHERIFFS DEPT,1240-01-411-1265,"SIGHT,REFLEX",1,Each,$335.00 ,D,1,2/4/2010 0:00
SD,BEADLE COUNTY SHERIFFS DEPT,1240-01-411-1265,"SIGHT,REFLEX",1,Each,$335.00 ,D,1,8/11/2010 0:00
SD,BENNETT COUNTY SHERIFF OFFICE,1005-00-073-9421,"RIFLE,5.56 MILLIMETER",1,Each,$499.00 ,D,1,12/3/1996 0:00
SD,BENNETT COUNTY SHERIFF OFFICE,1005-00-589-1271,"RIFLE,7.62 MILLIMETER",1,Each,$138.00 ,D,1,8/8/1994 0:00
SD,BENNETT COUNTY SHERIFF OFFICE,1005-00-589-1271,"RIFLE,7.62 MILLIMETER",1,Each,$138.00 ,D,1,8/8/1994 0:00
SD,BENNETT COUNTY SHERIFF OFFICE,1005-00-073-9421,"RIFLE,5.56 MILLIMETER",1,Each,$499.00 ,D,1,12/3/1996 0:00
SD,BENNETT COUNTY SHERIFF OFFICE,1005-00-073-9421,"RIFLE,5.56 MILLIMETER",1,Each,$499.00 ,D,1,12/3/1996 0:00
SD,BERESFORD POLICE DEPT,1005-00-073-9421,"RIFLE,5.56 MILLIMETER",1,Each,$499.00 ,D,1,9/3/2002 0:00
SD,BERESFORD POLICE DEPT,1005-00-589-1271,"RIFLE,7.62 MILLIMETER",1,Each,$138.00 ,D,1,11/3/1993 0:00
SD,BERESFORD POLICE DEPT,1005-00-073-9421,"RIFLE,5.56 MILLIMETER",1,Each,$499.00 ,D,1,9/3/2002 0:00
SD,BERESFORD POLICE DEPT,1005-00-589-1271,"RIFLE,7.62 MILLIMETER",1,Each,$138.00 ,D,1,11/3/1993 0:00
SD,BERESFORD POLICE DEPT,1005-00-073-9421,"RIFLE,5.56 MILLIMETER",1,Each,$499.00 ,D,1,3/26/1998 0:00
SD,BERESFORD POLICE DEPT,1005-00-073-9421,"RIFLE,5.56 MILLIMETER",1,Each,$499.00 ,D,1,3/26/1998 0:00
SD,BROOKINGS COUNTY SHERIFF OFFICE,1005-00-073-9421,"RIFLE,5.56 MILLIMETER",1,Each,$499.00 ,D,1,12/19/1995 0:00
SD,BROOKINGS COUNTY SHERIFF OFFICE,1005-00-073-9421,"RIFLE,5.56 MILLIMETER",1,Each,$499.00 ,D,1,12/19/1995 0:00
SD,BROOKINGS COUNTY SHERIFF OFFICE,1005-00-073-9421,"RIFLE,5.56 MILLIMETER",1,Each,$499.00 ,D,1,12/19/1995 0:00
SD,BROOKINGS COUNTY SHERIFF OFFICE,1005-00-073-9421,"RIFLE,5.56 MILLIMETER",1,Each,$499.00 ,D,1,12/19/1995 0:00
SD,BROOKINGS COUNTY SHERIFF OFFICE,1005-00-073-9421,"RIFLE,5.56 MILLIMETER",1,Each,$499.00 ,D,1,12/19/1995 0:00
SD,BROOKINGS COUNTY SHERIFF OFFICE,1005-00-073-9421,"RIFLE,5.56 MILLIMETER",1,Each,$499.00 ,D,1,12/19/1995 0:00
SD,BROOKINGS COUNTY SHERIFF OFFICE,1005-00-073-9421,"RIFLE,5.56 MILLIMETER",1,Each,$499.00 ,D,1,12/19/1995 0:00
SD,BROOKINGS COUNTY SHERIFF OFFICE,1005-00-073-9421,"RIFLE,5.56 MILLIMETER",1,Each,$499.00 ,D,1,12/19/1995 0:00
SD,BROOKINGS COUNTY SHERIFF OFFICE,1005-00-073-9421,"RIFLE,5.56 MILLIMETER",1,Each,$499.00 ,D,1,12/19/1995 0:00
SD,BROOKINGS COUNTY SHERIFF OFFICE,1005-00-073-9421,"RIFLE,5.56 MILLIMETER",1,Each,$499.00 ,D,1,12/19/1995 0:00
SD,BROOKINGS POLICE DEPT,1005-01-128-9936,"RIFLE,5.56 MILLIMETER",1,Each,$749.00 ,D,1,9/18/2017 0:00
SD,BROOKINGS POLICE DEPT,1005-01-128-9936,"RIFLE,5.56 MILLIMETER",1,Each,$749.00 ,D,1,9/18/2017 0:00
SD,BROWN COUNTY SHERIFF OFFICE,1005-00-073-9421,"RIFLE,5.56 MILLIMETER",1,Each,$499.00 ,D,1,4/29/1997 0:00
SD,BROWN COUNTY SHERIFF OFFICE,1005-00-073-9421,"RIFLE,5.56 MILLIMETER",1,Each,$499.00 ,D,1,4/29/1997 0:00
SD,BROWN COUNTY SHERIFF OFFICE,1005-00-073-9421,"RIFLE,5.56 MILLIMETER",1,Each,$499.00 ,D,1,4/29/1997 0:00
SD,BRULE COUNTY SHERIFF,1005-00-589-1271,"RIFLE,7.62 MILLIMETER",1,Each,$138.00 ,D,1,9/19/1994 0:00
SD,BRULE COUNTY SHERIFF,1005-00-589-1271,"RIFLE,7.62 MILLIMETER",1,Each,$138.00 ,D,1,9/19/1994 0:00
SD,BRULE COUNTY SHERIFF,1005-00-589-1271,"RIFLE,7.62 MILLIMETER",1,Each,$138.00 ,D,1,9/19/1994 0:00
SD,BRULE COUNTY SHERIFF,1005-00-073-9421,"RIFLE,5.56 MILLIMETER",1,Each,$499.00 ,D,1,10/15/2002 0:00
SD,BRULE COUNTY SHERIFF,1005-00-073-9421,"RIFLE,5.56 MILLIMETER",1,Each,$499.00 ,D,1,10/15/2002 0:00
SD,BRULE COUNTY SHERIFF,1005-00-073-9421,"RIFLE,5.56 MILLIMETER",1,Each,$499.00 ,D,1,10/15/2002 0:00
SD,BRULE COUNTY SHERIFF,1005-00-589-1271,"RIFLE,7.62 MILLIMETER",1,Each,$138.00 ,D,1,9/19/1994 0:00
SD,BRULE COUNTY SHERIFF,1005-00-073-9421,"RIFLE,5.56 MILLIMETER",1,Each,$499.00 ,D,1,10/15/2002 0:00
SD,BURKE CITY POLICE DEPT,1005-01-128-9936,"RIFLE,5.56 MILLIMETER",1,Each,$749.00 ,D,1,9/18/2017 0:00
SD,CENTERVILLE POLICE DEPT,1005-00-073-9421,"RIFLE,5.56 MILLIMETER",1,Each,$499.00 ,D,1,10/15/2002 0:00
SD,CENTERVILLE POLICE DEPT,1005-00-073-9421,"RIFLE,5.56 MILLIMETER",1,Each,$499.00 ,D,1,10/15/2002 0:00
SD,CHAMBERLAIN POLICE DEPT,1005-00-589-1271,"RIFLE,7.62 MILLIMETER",1,Each,$138.00 ,D,1,7/10/1996 0:00
SD,CHAMBERLAIN POLICE DEPT,1005-00-589-1271,"RIFLE,7.62 MILLIMETER",1,Each,$138.00 ,D,1,7/10/1996 0:00
SD,CHAMBERLAIN POLICE DEPT,1005-00-589-1271,"RIFLE,7.62 MILLIMETER",1,Each,$138.00 ,D,1,7/10/1996 0:00
SD,CLARK COUNTY SHERIFF OFFICE,1005-00-073-9421,"RIFLE,5.56 MILLIMETER",1,Each,$499.00 ,D,1,8/13/1996 0:00
SD,CLARK COUNTY SHERIFF OFFICE,1005-00-589-1271,"RIFLE,7.62 MILLIMETER",1,Each,$138.00 ,D,1,8/8/1994 0:00
SD,CLARK COUNTY SHERIFF OFFICE,1005-00-589-1271,"RIFLE,7.62 MILLIMETER",1,Each,$138.00 ,D,1,8/8/1994 0:00
SD,CLARK COUNTY SHERIFF OFFICE,1005-00-073-9421,"RIFLE,5.56 MILLIMETER",1,Each,$499.00 ,D,1,12/30/2011 0:00
SD,CLARK COUNTY SHERIFF OFFICE,1005-00-073-9421,"RIFLE,5.56 MILLIMETER",1,Each,$499.00 ,D,1,12/30/2011 0:00
SD,CLARK COUNTY SHERIFF OFFICE,1005-00-921-5004,"MAGAZINE,CARTRIDGE",12,Each,$13.69 ,D,1,1/1/2012 0:00
SD,CLARK COUNTY SHERIFF OFFICE,1005-00-073-9421,"RIFLE,5.56 MILLIMETER",1,Each,$499.00 ,D,1,12/30/2011 0:00
SD,CLARK POLICE DEPT,1240-01-411-1265,"SIGHT,REFLEX",1,Each,$335.00 ,D,1,8/11/2015 0:00
SD,CLARK POLICE DEPT,1005-00-921-5004,"MAGAZINE,CARTRIDGE",10,Each,$13.69 ,D,1,9/21/2017 0:00
SD,CLARK POLICE DEPT,1005-00-073-9421,"RIFLE,5.56 MILLIMETER",1,Each,$499.00 ,D,1,4/29/1997 0:00
SD,CLAY COUNTY SHERIFF DEPT,1240-01-411-1265,"SIGHT,REFLEX",7,Each,$335.00 ,D,1,3/30/2016 0:00
SD,CLAY COUNTY SHERIFF DEPT,1240-01-411-1265,"SIGHT,REFLEX",1,Each,$335.00 ,D,1,11/14/2016 0:00
SD,CODINGTON COUNTY SHERIFF OFFICE,1240-01-540-3690,"SIGHT,REFLEX",10,Each,$335.00 ,D,1,4/30/2012 0:00
SD,CODINGTON COUNTY SHERIFF OFFICE,2355-01-555-0908,MINE RESISTANT VEHICLE,1,Each,"$412,000.00 ",C,1,9/8/2014 15:46
SD,CORSON COUNTY SHERIFF OFFICE,1005-00-073-9421,"RIFLE,5.56 MILLIMETER",1,Each,$499.00 ,D,1,4/29/1997 0:00
SD,CORSON COUNTY SHERIFF OFFICE,1005-00-073-9421,"RIFLE,5.56 MILLIMETER",1,Each,$499.00 ,D,1,4/29/1997 0:00
SD,CORSON COUNTY SHERIFF OFFICE,1005-00-073-9421,"RIFLE,5.56 MILLIMETER",1,Each,$499.00 ,D,1,9/24/2002 0:00
SD,CORSON COUNTY SHERIFF OFFICE,1005-00-073-9421,"RIFLE,5.56 MILLIMETER",1,Each,$499.00 ,D,1,4/29/1997 0:00
SD,CORSON COUNTY SHERIFF OFFICE,1005-00-073-9421,"RIFLE,5.56 MILLIMETER",1,Each,$499.00 ,D,1,9/24/2002 0:00
SD,CUSTER COUNTY SHERIFF DEPT,1005-00-073-9421,"RIFLE,5.56 MILLIMETER",1,Each,$499.00 ,D,1,10/15/2002 0:00
SD,CUSTER COUNTY SHERIFF DEPT,1240-01-411-1265,"SIGHT,REFLEX",7,Each,$335.00 ,D,1,11/1/2010 0:00
SD,CUSTER COUNTY SHERIFF DEPT,2540-01-434-5149,"ARMOR,SUPPLEMENTAL,SMALL ARMS-FRAGMENTATION PROTECTIVE",1,Each,"$2,439.42 ",D,1,2/5/2012 0:00
SD,CUSTER COUNTY SHERIFF DEPT,1005-00-073-9421,"RIFLE,5.56 MILLIMETER",1,Each,$499.00 ,D,1,10/15/2002 0:00
SD,CUSTER COUNTY SHERIFF DEPT,2510-01-254-1482,"DOOR,VEHICULAR",2,Assembly,$834.12 ,D,1,3/7/2013 0:00
SD,CUSTER COUNTY SHERIFF DEPT,2510-01-519-8219,"DOOR,VEHICULAR",2,Each,"$4,605.50 ",B,3,10/8/2011 0:00
SD,CUSTER COUNTY SHERIFF DEPT,5855-01-551-4525,"MOUNT,VIEWER",10,Each,$103.00 ,B,3,10/30/2010 0:00
SD,CUSTER COUNTY SHERIFF DEPT,2510-01-552-0617,"PARTS KIT,WINDSHIELD",1,Each,"$8,192.00 ",D,1,10/29/2011 0:00
SD,CUSTER COUNTY SHERIFF DEPT,2510-01-519-8221,"DOOR,VEHICULAR",1,Each,"$4,605.50 ",D,1,11/6/2011 0:00
SD,CUSTER COUNTY SHERIFF DEPT,1005-00-550-8694,"MAGAZINE,CARTRIDGE",6,Each,$4.34 ,D,1,2/2/2010 0:00
SD,CUSTER COUNTY SHERIFF DEPT,2510-01-254-1482,"DOOR,VEHICULAR",2,Assembly,$834.12 ,D,1,10/8/2011 0:00
SD,CUSTER COUNTY SHERIFF DEPT,2510-01-532-5221,GUNNER PROTECTION KIT,1,Each,"$3,686.00 ",C,1,11/8/2011 0:00
SD,CUSTER COUNTY SHERIFF DEPT,1005-01-561-7200,"MAGAZINE,CARTRIDGE",81,Each,$13.69 ,D,1,2/27/2011 0:00
SD,CUSTER COUNTY SHERIFF DEPT,2510-01-523-4029,"WINDOW,VEHICULAR",2,Each,"$1,354.18 ",D,1,2/5/2012 0:00
SD,CUSTER COUNTY SHERIFF DEPT,2510-01-519-7687,"PANEL,BODY,VEHICULAR",2,Each,$642.68 ,D,1,11/27/2011 0:00
SD,CUSTER COUNTY SHERIFF DEPT,2510-01-519-8302,"DOOR,VEHICULAR",1,Each,"$2,002.48 ",D,1,2/12/2012 0:00
SD,CUSTER COUNTY SHERIFF DEPT,2510-01-519-8304,"DOOR,VEHICULAR",1,Each,"$3,020.06 ",D,1,10/15/2011 0:00
SD,CUSTER COUNTY SHERIFF DEPT,2590-01-535-7416,"KIT,WINDOW,DOOR,MAK,HMMWV",2,Each,"$3,788.40 ",B,3,3/22/2012 0:00
SD,CUSTER COUNTY SHERIFF DEPT,2540-01-434-5150,"ARMOR,SUPPLEMENTAL,SMALL ARMS-FRAGMENTATION PROTECTIVE",1,Each,"$2,402.35 ",D,1,2/5/2012 0:00
SD,CUSTER COUNTY SHERIFF DEPT,1005-00-073-9421,"RIFLE,5.56 MILLIMETER",1,Each,$499.00 ,D,1,10/15/2002 0:00
SD,CUSTER COUNTY SHERIFF DEPT,1240-01-540-3690,"SIGHT,REFLEX",4,Each,$335.00 ,D,1,11/23/2010 0:00
SD,CUSTER COUNTY SHERIFF DEPT,1005-00-073-9421,"RIFLE,5.56 MILLIMETER",1,Each,$499.00 ,D,1,10/15/2002 0:00
SD,CUSTER COUNTY SHERIFF DEPT,1005-00-073-9421,"RIFLE,5.56 MILLIMETER",1,Each,$499.00 ,D,1,10/15/2002 0:00
SD,CUSTER COUNTY SHERIFF DEPT,1240-01-540-3690,"SIGHT,REFLEX",1,Each,$335.00 ,D,1,11/23/2010 0:00
SD,CUSTER COUNTY SHERIFF DEPT,1005-00-073-9421,"RIFLE,5.56 MILLIMETER",1,Each,$499.00 ,D,1,10/15/2002 0:00
SD,CUSTER COUNTY SHERIFF DEPT,1005-00-073-9421,"RIFLE,5.56 MILLIMETER",1,Each,$499.00 ,D,1,10/15/2002 0:00
SD,CUSTER COUNTY SHERIFF DEPT,1005-00-073-9421,"RIFLE,5.56 MILLIMETER",1,Each,$499.00 ,D,1,10/15/2002 0:00
SD,DEADWOOD POLICE DEPT,1005-00-073-9421,"RIFLE,5.56 MILLIMETER",1,Each,$499.00 ,D,1,9/2/1998 0:00
SD,DEADWOOD POLICE DEPT,1005-00-073-9421,"RIFLE,5.56 MILLIMETER",1,Each,$499.00 ,D,1,9/2/1998 0:00
SD,DEADWOOD POLICE DEPT,1005-00-589-1271,"RIFLE,7.62 MILLIMETER",1,Each,$138.00 ,D,1,11/3/1993 0:00
SD,DEADWOOD POLICE DEPT,1005-00-589-1271,"RIFLE,7.62 MILLIMETER",1,Each,$138.00 ,D,1,11/3/1993 0:00
SD,DEADWOOD POLICE DEPT,1005-00-073-9421,"RIFLE,5.56 MILLIMETER",1,Each,$499.00 ,D,1,9/2/1998 0:00
SD,DEADWOOD POLICE DEPT,1005-00-073-9421,"RIFLE,5.56 MILLIMETER",1,Each,$499.00 ,D,1,9/2/1998 0:00
SD,DEUEL COUNTY SHERIFF DEPT,1005-00-073-9421,"RIFLE,5.56 MILLIMETER",1,Each,$499.00 ,D,1,7/10/1998 0:00
SD,DEUEL COUNTY SHERIFF DEPT,1005-00-073-9421,"RIFLE,5.56 MILLIMETER",1,Each,$499.00 ,D,1,4/29/1997 0:00
SD,DEUEL COUNTY SHERIFF DEPT,1005-00-073-9421,"RIFLE,5.56 MILLIMETER",1,Each,$499.00 ,D,1,4/29/1997 0:00
SD,DEUEL COUNTY SHERIFF DEPT,1005-00-073-9421,"RIFLE,5.56 MILLIMETER",1,Each,$499.00 ,D,1,4/29/1997 0:00
SD,DEUEL COUNTY SHERIFF DEPT,1005-00-073-9421,"RIFLE,5.56 MILLIMETER",1,Each,$499.00 ,D,1,7/10/1998 0:00
SD,DEWEY COUNTY SHERIFF OFFICE,1005-00-726-5655,"PISTOL,CALIBER .45,AUTOMATIC",1,Each,$58.71 ,D,1,3/4/2010 0:00
SD,DEWEY COUNTY SHERIFF OFFICE,1005-00-726-5655,"PISTOL,CALIBER .45,AUTOMATIC",1,Each,$58.71 ,D,1,6/17/2003 0:00
SD,DEWEY COUNTY SHERIFF OFFICE,1240-01-411-1265,"SIGHT,REFLEX",4,Each,$335.00 ,D,1,9/9/2010 0:00
SD,DEWEY COUNTY SHERIFF OFFICE,1005-00-073-9421,"RIFLE,5.56 MILLIMETER",1,Each,$499.00 ,D,1,4/29/1997 0:00
SD,DEWEY COUNTY SHERIFF OFFICE,1005-00-073-9421,"RIFLE,5.56 MILLIMETER",1,Each,$499.00 ,D,1,4/29/1997 0:00
SD,DEWEY COUNTY SHERIFF OFFICE,5855-01-C02-3138,DESC=NIGHT VISION SCOPE ,1,Each,$625.48 ,D,,2/12/2011 0:00
SD,DEWEY COUNTY SHERIFF OFFICE,1005-00-073-9421,"RIFLE,5.56 MILLIMETER",1,Each,$499.00 ,D,1,4/29/1997 0:00
SD,DEWEY COUNTY SHERIFF OFFICE,1005-00-726-5655,"PISTOL,CALIBER .45,AUTOMATIC",1,Each,$58.71 ,D,1,6/17/2003 0:00
SD,DEWEY COUNTY SHERIFF OFFICE,1005-00-726-5655,"PISTOL,CALIBER .45,AUTOMATIC",1,Each,$58.71 ,D,1,3/4/2010 0:00
SD,EDMUNDS COUNTY SHERIFF DEPT,1005-00-073-9421,"RIFLE,5.56 MILLIMETER",1,Each,$499.00 ,D,1,4/29/1997 0:00
SD,EDMUNDS COUNTY SHERIFF DEPT,1005-00-073-9421,"RIFLE,5.56 MILLIMETER",1,Each,$499.00 ,D,1,4/29/1997 0:00
SD,EDMUNDS COUNTY SHERIFF DEPT,1005-00-073-9421,"RIFLE,5.56 MILLIMETER",1,Each,$499.00 ,D,1,4/29/1997 0:00
SD,EDMUNDS COUNTY SHERIFF DEPT,1005-00-073-9421,"RIFLE,5.56 MILLIMETER",1,Each,$499.00 ,D,1,4/29/1997 0:00
SD,ELK POINT POLICE DEPT,6240-01-532-4184,"LAMP,INCANDESCENT",8,Each,$431.64 ,A,1,3/14/2018 0:00
SD,ELK POINT POLICE DEPT,7125-DS-LOC-KER2,"LOCKER, STORAGE",1,Each,$150.00 ,A,,6/7/2018 0:00
SD,ELK POINT POLICE DEPT,1240-01-439-7265,"MOUNT,QUICK RELEASE ASSEMBLY",5,Each,$41.63 ,B,3,1/11/2018 0:00
SD,ELK POINT POLICE DEPT,1005-00-073-9421,"RIFLE,5.56 MILLIMETER",1,Each,$499.00 ,D,1,6/9/1997 0:00
SD,ELK POINT POLICE DEPT,1005-00-073-9421,"RIFLE,5.56 MILLIMETER",1,Each,$499.00 ,D,1,6/9/1997 0:00
SD,ELK POINT POLICE DEPT,1005-00-073-9421,"RIFLE,5.56 MILLIMETER",1,Each,$499.00 ,D,1,6/9/1997 0:00
SD,ELK POINT POLICE DEPT,1240-01-540-3690,"SIGHT,REFLEX",8,Each,$335.00 ,D,1,3/16/2018 0:00
SD,ELK POINT POLICE DEPT,6545-01-530-0929,"FIRST AID KIT,UNIVERSAL",4,Kit,$96.16 ,A,1,1/24/2018 0:00
SD,ELK POINT POLICE DEPT,6545-01-632-0167,"FIRST AID KIT,INDIVIDUAL",2,Kit,$323.54 ,A,1,6/7/2018 0:00
SD,ELK POINT POLICE DEPT,1005-00-073-9421,"RIFLE,5.56 MILLIMETER",1,Each,$499.00 ,D,1,6/9/1997 0:00
SD,ELK POINT POLICE DEPT,1240-01-533-0939,"SIGHT,BORE,OPTICAL",6,Each,$800.00 ,D,1,2/8/2018 0:00
SD,ELK POINT POLICE DEPT,1005-01-382-6795,"RECEIVER,CARTRIDGE",5,Each,$41.71 ,D,1,12/19/2017 0:00
SD,ELK POINT POLICE DEPT,1005-01-233-8529,BARREL AND FRONT SIGHT ASSEMBLY,5,Each,$115.00 ,D,1,12/19/2017 0:00
SD,ELK POINT POLICE DEPT,1005-00-073-9421,"RIFLE,5.56 MILLIMETER",1,Each,$499.00 ,D,1,6/9/1997 0:00
SD,ELK POINT POLICE DEPT,1005-01-484-8000,"SIGHT,REAR",5,Each,$54.77 ,D,1,12/19/2017 0:00
SD,ELK POINT POLICE DEPT,6545-01-584-1582,"FIRST AID KIT,INDIVIDUAL",2,Kit,$92.34 ,A,1,6/7/2018 0:00
SD,ELK POINT POLICE DEPT,1005-01-527-2557,"GRIP,PISTOL",5,Each,$20.00 ,B,3,1/18/2018 0:00
SD,FAITH POLICE DEPT,1005-01-128-9936,"RIFLE,5.56 MILLIMETER",1,Each,$749.00 ,D,1,9/18/2017 0:00
SD,FAITH POLICE DEPT,1005-01-128-9936,"RIFLE,5.56 MILLIMETER",1,Each,$749.00 ,D,1,9/18/2017 0:00
SD,FAULK COUNTY SHERIFF OFFICE,1005-00-073-9421,"RIFLE,5.56 MILLIMETER",1,Each,$499.00 ,D,1,2/21/2012 0:00
SD,FAULK COUNTY SHERIFF OFFICE,1005-00-073-9421,"RIFLE,5.56 MILLIMETER",1,Each,$499.00 ,D,1,2/21/2012 0:00
SD,GREGORY COUNTY SHERIFF DEPT,1005-01-128-9936,"RIFLE,5.56 MILLIMETER",1,Each,$749.00 ,D,1,9/18/2017 0:00
SD,GREGORY COUNTY SHERIFF DEPT,1005-01-128-9936,"RIFLE,5.56 MILLIMETER",1,Each,$749.00 ,D,1,9/18/2017 0:00
SD,GREGORY COUNTY SHERIFF DEPT,1005-00-073-9421,"RIFLE,5.56 MILLIMETER",1,Each,$499.00 ,D,1,9/10/1996 0:00
SD,GREGORY COUNTY SHERIFF DEPT,1005-00-073-9421,"RIFLE,5.56 MILLIMETER",1,Each,$499.00 ,D,1,9/10/1996 0:00
SD,GROTON POLICE DEPT,1005-00-073-9421,"RIFLE,5.56 MILLIMETER",1,Each,$499.00 ,D,1,3/11/1998 0:00
SD,GROTON POLICE DEPT,1005-00-921-5483,"SHOTGUN,12 GAGE,RIOT TYPE",1,Each,$108.00 ,D,1,5/15/1996 0:00
SD,GROTON POLICE DEPT,1005-00-921-5483,"SHOTGUN,12 GAGE,RIOT TYPE",1,Each,$108.00 ,D,1,5/15/1996 0:00
SD,GROTON POLICE DEPT,1005-00-589-1271,"RIFLE,7.62 MILLIMETER",1,Each,$138.00 ,D,1,11/3/1993 0:00
SD,HAMLIN COUNTY SHERIFF DEPT,1005-00-073-9421,"RIFLE,5.56 MILLIMETER",1,Each,$499.00 ,D,1,9/2/1998 0:00
SD,HAMLIN COUNTY SHERIFF DEPT,1005-00-856-6885,"RIFLE,5.56 MILLIMETER",1,Each,$120.00 ,D,1,11/14/2011 0:00
SD,HAMLIN COUNTY SHERIFF DEPT,1005-00-856-6885,"RIFLE,5.56 MILLIMETER",1,Each,$120.00 ,D,1,11/14/2011 0:00
SD,HAMLIN COUNTY SHERIFF DEPT,1005-00-073-9421,"RIFLE,5.56 MILLIMETER",1,Each,$499.00 ,D,1,9/2/1998 0:00
SD,HAND COUNTY SHERIFF OFFICE,1005-00-589-1271,"RIFLE,7.62 MILLIMETER",1,Each,$138.00 ,D,1,11/3/1993 0:00
SD,HAND COUNTY SHERIFF OFFICE,1005-00-589-1271,"RIFLE,7.62 MILLIMETER",1,Each,$138.00 ,D,1,11/3/1993 0:00
SD,HAND COUNTY SHERIFF OFFICE,1005-00-589-1271,"RIFLE,7.62 MILLIMETER",1,Each,$138.00 ,D,1,11/3/1993 0:00
SD,HUGHES COUNTY SHERIFF DEPT,1005-00-589-1271,"RIFLE,7.62 MILLIMETER",1,Each,$138.00 ,D,1,11/3/1993 0:00
SD,HUGHES COUNTY SHERIFF DEPT,1005-00-589-1271,"RIFLE,7.62 MILLIMETER",1,Each,$138.00 ,D,1,11/3/1993 0:00
SD,HUGHES COUNTY SHERIFF DEPT,1005-00-589-1271,"RIFLE,7.62 MILLIMETER",1,Each,$138.00 ,D,1,11/3/1993 0:00
SD,HUGHES COUNTY SHERIFF DEPT,1005-00-589-1271,"RIFLE,7.62 MILLIMETER",1,Each,$138.00 ,D,1,4/10/1998 0:00
SD,HUGHES COUNTY SHERIFF DEPT,1005-00-073-9421,"RIFLE,5.56 MILLIMETER",1,Each,$499.00 ,D,1,4/14/1998 0:00
SD,HURON POLICE DEPT,1240-01-411-1265,"SIGHT,REFLEX",1,Each,$335.00 ,D,1,2/4/2010 0:00
SD,HURON POLICE DEPT,1240-01-411-1265,"SIGHT,REFLEX",1,Each,$335.00 ,D,1,2/4/2010 0:00
SD,HURON POLICE DEPT,1240-01-411-1265,"SIGHT,REFLEX",1,Each,$335.00 ,D,1,2/4/2010 0:00
SD,HURON POLICE DEPT,1240-01-411-1265,"SIGHT,REFLEX",1,Each,$335.00 ,D,1,2/4/2010 0:00
SD,HURON POLICE DEPT,1005-00-589-1271,"RIFLE,7.62 MILLIMETER",1,Each,$138.00 ,D,1,6/24/1993 0:00
SD,HURON POLICE DEPT,1005-00-589-1271,"RIFLE,7.62 MILLIMETER",1,Each,$138.00 ,D,1,6/24/1993 0:00
SD,HURON POLICE DEPT,1005-00-589-1271,"RIFLE,7.62 MILLIMETER",1,Each,$138.00 ,D,1,6/24/1993 0:00
SD,HURON POLICE DEPT,1005-00-073-9421,"RIFLE,5.56 MILLIMETER",1,Each,$499.00 ,D,1,12/19/1995 0:00
SD,HURON POLICE DEPT,1005-00-073-9421,"RIFLE,5.56 MILLIMETER",1,Each,$499.00 ,D,1,12/19/1995 0:00
SD,HURON POLICE DEPT,1240-01-411-1265,"SIGHT,REFLEX",1,Each,$335.00 ,D,1,2/4/2010 0:00
SD,HURON POLICE DEPT,1240-01-411-1265,"SIGHT,REFLEX",1,Each,$335.00 ,D,1,2/4/2010 0:00
SD,HURON POLICE DEPT,1240-01-411-1265,"SIGHT,REFLEX",1,Each,$335.00 ,D,1,2/4/2010 0:00
SD,HURON POLICE DEPT,1240-01-411-1265,"SIGHT,REFLEX",1,Each,$335.00 ,D,1,2/4/2010 0:00
SD,HURON POLICE DEPT,1240-01-411-1265,"SIGHT,REFLEX",1,Each,$335.00 ,D,1,2/4/2010 0:00
SD,HURON POLICE DEPT,1005-00-589-1271,"RIFLE,7.62 MILLIMETER",1,Each,$138.00 ,D,1,8/8/1994 0:00
SD,HURON POLICE DEPT,1005-00-589-1271,"RIFLE,7.62 MILLIMETER",1,Each,$138.00 ,D,1,6/24/1993 0:00
SD,HURON POLICE DEPT,1005-00-589-1271,"RIFLE,7.62 MILLIMETER",1,Each,$138.00 ,D,1,6/24/1993 0:00
SD,HURON POLICE DEPT,1005-00-589-1271,"RIFLE,7.62 MILLIMETER",1,Each,$138.00 ,D,1,6/24/1993 0:00
SD,HURON POLICE DEPT,1240-01-411-1265,"SIGHT,REFLEX",1,Each,$335.00 ,D,1,8/11/2010 0:00
SD,HURON POLICE DEPT,1240-01-411-1265,"SIGHT,REFLEX",1,Each,$335.00 ,D,1,8/11/2010 0:00
SD,HURON POLICE DEPT,1005-00-589-1271,"RIFLE,7.62 MILLIMETER",1,Each,$138.00 ,D,1,8/8/1994 0:00
SD,JACKSON COUNTY SHERIFFS OFFICE,1005-00-073-9421,"RIFLE,5.56 MILLIMETER",1,Each,$499.00 ,D,1,12/1/1998 0:00
SD,JACKSON COUNTY SHERIFFS OFFICE,1005-00-073-9421,"RIFLE,5.56 MILLIMETER",1,Each,$499.00 ,D,1,9/5/2002 0:00
SD,JACKSON COUNTY SHERIFFS OFFICE,1005-00-726-5655,"PISTOL,CALIBER .45,AUTOMATIC",1,Each,$58.71 ,D,1,6/17/2003 0:00
SD,JACKSON COUNTY SHERIFFS OFFICE,1005-00-726-5655,"PISTOL,CALIBER .45,AUTOMATIC",1,Each,$58.71 ,D,1,6/17/2003 0:00
SD,JACKSON COUNTY SHERIFFS OFFICE,1005-00-726-5655,"PISTOL,CALIBER .45,AUTOMATIC",1,Each,$58.71 ,D,1,6/17/2003 0:00
SD,KINGSBURY COUNTY SHERIFFS OFFICE,1005-00-073-9421,"RIFLE,5.56 MILLIMETER",1,Each,$499.00 ,D,1,9/5/2006 0:00
SD,KINGSBURY COUNTY SHERIFFS OFFICE,1005-00-856-6885,"RIFLE,5.56 MILLIMETER",1,Each,$120.00 ,D,1,11/14/2011 0:00
SD,KINGSBURY COUNTY SHERIFFS OFFICE,1005-00-856-6885,"RIFLE,5.56 MILLIMETER",1,Each,$120.00 ,D,1,11/14/2011 0:00
SD,KINGSBURY COUNTY SHERIFFS OFFICE,1005-00-073-9421,"RIFLE,5.56 MILLIMETER",1,Each,$499.00 ,D,1,9/5/2006 0:00
SD,KINGSBURY COUNTY SHERIFFS OFFICE,1005-00-073-9421,"RIFLE,5.56 MILLIMETER",1,Each,$499.00 ,D,1,9/5/2006 0:00
SD,LAWRENCE COUNTY SHERIFF DEPT,1005-00-589-1271,"RIFLE,7.62 MILLIMETER",1,Each,$138.00 ,D,1,11/3/1993 0:00
SD,LAWRENCE COUNTY SHERIFF DEPT,1005-00-589-1271,"RIFLE,7.62 MILLIMETER",1,Each,$138.00 ,D,1,11/3/1993 0:00
SD,LAWRENCE COUNTY SHERIFF DEPT,1005-00-589-1271,"RIFLE,7.62 MILLIMETER",1,Each,$138.00 ,D,1,8/8/1994 0:00
SD,LAWRENCE COUNTY SHERIFF DEPT,1005-00-589-1271,"RIFLE,7.62 MILLIMETER",1,Each,$138.00 ,D,1,11/3/1993 0:00
SD,LAWRENCE COUNTY SHERIFF DEPT,1005-00-073-9421,"RIFLE,5.56 MILLIMETER",1,Each,$499.00 ,D,1,7/23/2002 0:00
SD,LAWRENCE COUNTY SHERIFF DEPT,1005-00-073-9421,"RIFLE,5.56 MILLIMETER",1,Each,$499.00 ,D,1,7/23/2002 0:00
SD,LAWRENCE COUNTY SHERIFF DEPT,1005-00-073-9421,"RIFLE,5.56 MILLIMETER",1,Each,$499.00 ,D,1,7/23/2002 0:00
SD,LAWRENCE COUNTY SHERIFF DEPT,1005-00-589-1271,"RIFLE,7.62 MILLIMETER",1,Each,$138.00 ,D,1,11/3/1993 0:00
SD,LAWRENCE COUNTY SHERIFF DEPT,1005-00-589-1271,"RIFLE,7.62 MILLIMETER",1,Each,$138.00 ,D,1,8/8/1994 0:00
SD,LAWRENCE COUNTY SHERIFF DEPT,1005-00-073-9421,"RIFLE,5.56 MILLIMETER",1,Each,$499.00 ,D,1,7/23/2002 0:00
SD,LINCOLN COUNTY SHERIFF DEPT,1005-00-073-9421,"RIFLE,5.56 MILLIMETER",1,Each,$499.00 ,D,1,11/27/2002 0:00
SD,LINCOLN COUNTY SHERIFF DEPT,1005-01-452-3527,"ADAPTER RAIL,WEAPON MOUNTED,M4",5,Each,$78.34 ,D,7,2/8/2016 0:00
SD,LINCOLN COUNTY SHERIFF DEPT,1005-01-128-9936,"RIFLE,5.56 MILLIMETER",1,Each,$749.00 ,D,1,9/18/2017 0:00
SD,LINCOLN COUNTY SHERIFF DEPT,1005-01-128-9936,"RIFLE,5.56 MILLIMETER",1,Each,$749.00 ,D,1,9/18/2017 0:00
SD,LINCOLN COUNTY SHERIFF DEPT,1005-01-128-9936,"RIFLE,5.56 MILLIMETER",1,Each,$749.00 ,D,1,9/18/2017 0:00
SD,LINCOLN COUNTY SHERIFF DEPT,1005-00-073-9421,"RIFLE,5.56 MILLIMETER",1,Each,$499.00 ,D,1,10/15/2002 0:00
SD,LINCOLN COUNTY SHERIFF DEPT,1005-01-128-9936,"RIFLE,5.56 MILLIMETER",1,Each,$749.00 ,D,1,9/18/2017 0:00
SD,LINCOLN COUNTY SHERIFF DEPT,1005-01-128-9936,"RIFLE,5.56 MILLIMETER",1,Each,$749.00 ,D,1,9/18/2017 0:00
SD,LINCOLN COUNTY SHERIFF DEPT,1005-01-128-9936,"RIFLE,5.56 MILLIMETER",1,Each,$749.00 ,D,1,9/18/2017 0:00
SD,LINCOLN COUNTY SHERIFF DEPT,1005-00-073-9421,"RIFLE,5.56 MILLIMETER",1,Each,$499.00 ,D,1,10/15/2002 0:00
SD,LINCOLN COUNTY SHERIFF DEPT,1005-00-073-9421,"RIFLE,5.56 MILLIMETER",1,Each,$499.00 ,D,1,10/15/2002 0:00
SD,LINCOLN COUNTY SHERIFF DEPT,1005-01-128-9936,"RIFLE,5.56 MILLIMETER",1,Each,$749.00 ,D,1,9/18/2017 0:00
SD,LYMAN COUNTY SHERIFF OFFICE,1005-00-589-1271,"RIFLE,7.62 MILLIMETER",1,Each,$138.00 ,D,1,8/8/1994 0:00
SD,LYMAN COUNTY SHERIFF OFFICE,1240-01-576-6134,"SIGHT,REFLEX",4,Each,$450.00 ,D,1,6/12/2015 0:00
SD,LYMAN COUNTY SHERIFF OFFICE,1005-00-073-9421,"RIFLE,5.56 MILLIMETER",1,Each,$499.00 ,D,1,7/24/2002 0:00
SD,LYMAN COUNTY SHERIFF OFFICE,1005-00-073-9421,"RIFLE,5.56 MILLIMETER",1,Each,$499.00 ,D,1,7/24/2002 0:00
SD,LYMAN COUNTY SHERIFF OFFICE,1005-00-589-1271,"RIFLE,7.62 MILLIMETER",1,Each,$138.00 ,D,1,8/8/1994 0:00
SD,LYMAN COUNTY SHERIFF OFFICE,2320-01-413-3739,"TRUCK,UTILITY",1,Each,"$192,513.00 ",C,1,2/7/2012 0:00
SD,LYMAN COUNTY SHERIFF OFFICE,1005-00-589-1271,"RIFLE,7.62 MILLIMETER",1,Each,$138.00 ,D,1,8/8/1994 0:00
SD,MARSHALL COUNTY SHERIFF DEPT,1005-00-589-1271,"RIFLE,7.62 MILLIMETER",1,Each,$138.00 ,D,1,11/3/1993 0:00
SD,MARSHALL COUNTY SHERIFF DEPT,1005-00-589-1271,"RIFLE,7.62 MILLIMETER",1,Each,$138.00 ,D,1,8/9/1994 0:00
SD,MARSHALL COUNTY SHERIFF DEPT,1005-00-073-9421,"RIFLE,5.56 MILLIMETER",1,Each,$499.00 ,D,1,12/2/1998 0:00
SD,MARSHALL COUNTY SHERIFF DEPT,1005-00-589-1271,"RIFLE,7.62 MILLIMETER",1,Each,$138.00 ,D,1,11/3/1993 0:00
SD,MARSHALL COUNTY SHERIFF DEPT,1005-00-073-9421,"RIFLE,5.56 MILLIMETER",1,Each,$499.00 ,D,1,12/2/1998 0:00
SD,MARSHALL COUNTY SHERIFF DEPT,1005-00-589-1271,"RIFLE,7.62 MILLIMETER",1,Each,$138.00 ,D,1,11/3/1993 0:00
SD,MARSHALL COUNTY SHERIFF DEPT,1005-00-589-1271,"RIFLE,7.62 MILLIMETER",1,Each,$138.00 ,D,1,11/3/1993 0:00
SD,MELLETTE COUNTY SHERIFF OFFICE,1005-00-073-9421,"RIFLE,5.56 MILLIMETER",1,Each,$499.00 ,D,1,9/16/1996 0:00
SD,MENNO POLICE DEPT,1005-00-589-1271,"RIFLE,7.62 MILLIMETER",1,Each,$138.00 ,D,1,11/3/1993 0:00
SD,MIKE DURFEE STATE PRISON,1005-00-073-9421,"RIFLE,5.56 MILLIMETER",1,Each,$499.00 ,D,1,10/26/1998 0:00
SD,MIKE DURFEE STATE PRISON,1005-00-073-9421,"RIFLE,5.56 MILLIMETER",1,Each,$499.00 ,D,1,10/27/1998 0:00
SD,MIKE DURFEE STATE PRISON,1005-00-073-9421,"RIFLE,5.56 MILLIMETER",1,Each,$499.00 ,D,1,10/26/1998 0:00
SD,MIKE DURFEE STATE PRISON,1005-00-073-9421,"RIFLE,5.56 MILLIMETER",1,Each,$499.00 ,D,1,10/26/1998 0:00
SD,MIKE DURFEE STATE PRISON,1005-00-073-9421,"RIFLE,5.56 MILLIMETER",1,Each,$499.00 ,D,1,10/26/1998 0:00
SD,MIKE DURFEE STATE PRISON,1005-00-073-9421,"RIFLE,5.56 MILLIMETER",1,Each,$499.00 ,D,1,10/27/1998 0:00
SD,MIKE DURFEE STATE PRISON,1005-00-073-9421,"RIFLE,5.56 MILLIMETER",1,Each,$499.00 ,D,1,10/27/1998 0:00
SD,MIKE DURFEE STATE PRISON,1005-00-073-9421,"RIFLE,5.56 MILLIMETER",1,Each,$499.00 ,D,1,10/26/1998 0:00
SD,MIKE DURFEE STATE PRISON,1005-00-073-9421,"RIFLE,5.56 MILLIMETER",1,Each,$499.00 ,D,1,10/26/1998 0:00
SD,MIKE DURFEE STATE PRISON,1005-00-073-9421,"RIFLE,5.56 MILLIMETER",1,Each,$499.00 ,D,1,10/26/1998 0:00
SD,MIKE DURFEE STATE PRISON,1005-00-073-9421,"RIFLE,5.56 MILLIMETER",1,Each,$499.00 ,D,1,10/26/1998 0:00
SD,MIKE DURFEE STATE PRISON,1005-00-073-9421,"RIFLE,5.56 MILLIMETER",1,Each,$499.00 ,D,1,10/27/1998 0:00
SD,MINNEHAHA COUNTY SHERIFF DEPT,2340-DS-MUL-E000,MULE,1,Each,"$1,500.00 ",A,,12/12/2017 0:00
SD,MINNEHAHA COUNTY SHERIFF DEPT,1005-00-073-9421,"RIFLE,5.56 MILLIMETER",1,Each,$499.00 ,D,1,9/2/1998 0:00
SD,MINNEHAHA COUNTY SHERIFF DEPT,1005-00-073-9421,"RIFLE,5.56 MILLIMETER",1,Each,$499.00 ,D,1,12/19/1995 0:00
SD,MINNEHAHA COUNTY SHERIFF DEPT,2330-DS-TRA-ILE1,TRAILER,1,Each,"$8,000.00 ",A,,12/12/2017 0:00
SD,MINNEHAHA COUNTY SHERIFF DEPT,8465-DS-IND-EQU0,INDIVIDUAL EQUIPMENT,15,Each,$32.48 ,A,,2/8/2018 0:00
SD,MINNEHAHA COUNTY SHERIFF DEPT,1367-01-561-5277,"CAPABILITIES SET,NON-LETHAL",2,Each,"$12,378.00 ",B,3,3/6/2018 0:00
SD,MINNEHAHA COUNTY SHERIFF DEPT,1005-00-073-9421,"RIFLE,5.56 MILLIMETER",1,Each,$499.00 ,D,1,9/2/1998 0:00
SD,MINNEHAHA COUNTY SHERIFF DEPT,1005-00-073-9421,"RIFLE,5.56 MILLIMETER",1,Each,$499.00 ,D,1,9/2/1998 0:00
SD,MINNEHAHA COUNTY SHERIFF DEPT,1005-00-073-9421,"RIFLE,5.56 MILLIMETER",1,Each,$499.00 ,D,1,9/2/1998 0:00
SD,MINNEHAHA COUNTY SHERIFF DEPT,1005-00-073-9421,"RIFLE,5.56 MILLIMETER",1,Each,$499.00 ,D,1,12/19/1995 0:00
SD,MITCHELL DEPT OF PUBLIC SAFETY,2355-01-590-1660,MINE RESISTANT VEHICLE,1,Each,"$733,000.00 ",C,1,3/6/2014 0:00
SD,MURDO POLICE DEPT,1005-00-726-5655,"PISTOL,CALIBER .45,AUTOMATIC",1,Each,$58.71 ,D,1,3/4/2010 0:00
SD,PENNINGTON COUNTY SHERIFF,1005-00-073-9421,"RIFLE,5.56 MILLIMETER",1,Each,$499.00 ,D,1,7/10/1996 0:00
SD,PENNINGTON COUNTY SHERIFF,1005-00-073-9421,"RIFLE,5.56 MILLIMETER",1,Each,$499.00 ,D,1,7/10/1996 0:00
SD,PENNINGTON COUNTY SHERIFF,1005-00-073-9421,"RIFLE,5.56 MILLIMETER",1,Each,$499.00 ,D,1,7/10/1996 0:00
SD,PENNINGTON COUNTY SHERIFF,1005-00-073-9421,"RIFLE,5.56 MILLIMETER",1,Each,$499.00 ,D,1,7/10/1996 0:00
SD,PENNINGTON COUNTY SHERIFF,1005-00-073-9421,"RIFLE,5.56 MILLIMETER",1,Each,$499.00 ,D,1,7/10/1996 0:00
SD,PENNINGTON COUNTY SHERIFF,1005-00-856-6885,"RIFLE,5.56 MILLIMETER",1,Each,$120.00 ,D,1,11/14/2011 0:00
SD,PENNINGTON COUNTY SHERIFF,1005-00-856-6885,"RIFLE,5.56 MILLIMETER",1,Each,$120.00 ,D,1,11/14/2011 0:00
SD,PENNINGTON COUNTY SHERIFF,1005-00-856-6885,"RIFLE,5.56 MILLIMETER",1,Each,$120.00 ,D,1,11/14/2011 0:00
SD,PENNINGTON COUNTY SHERIFF,1005-00-856-6885,"RIFLE,5.56 MILLIMETER",1,Each,$120.00 ,D,1,11/14/2011 0:00
SD,PENNINGTON COUNTY SHERIFF,1005-00-856-6885,"RIFLE,5.56 MILLIMETER",1,Each,$120.00 ,D,1,11/14/2011 0:00
SD,PENNINGTON COUNTY SHERIFF,1005-00-856-6885,"RIFLE,5.56 MILLIMETER",1,Each,$120.00 ,D,1,11/14/2011 0:00
SD,PENNINGTON COUNTY SHERIFF,1005-00-856-6885,"RIFLE,5.56 MILLIMETER",1,Each,$120.00 ,D,1,11/14/2011 0:00
SD,PENNINGTON COUNTY SHERIFF,1005-00-856-6885,"RIFLE,5.56 MILLIMETER",1,Each,$120.00 ,D,1,11/14/2011 0:00
SD,PENNINGTON COUNTY SHERIFF,1005-00-856-6885,"RIFLE,5.56 MILLIMETER",1,Each,$120.00 ,D,1,11/14/2011 0:00
SD,PENNINGTON COUNTY SHERIFF,1005-00-856-6885,"RIFLE,5.56 MILLIMETER",1,Each,$120.00 ,D,1,11/14/2011 0:00
SD,PENNINGTON COUNTY SHERIFF,1005-00-856-6885,"RIFLE,5.56 MILLIMETER",1,Each,$120.00 ,D,1,11/14/2011 0:00
SD,PENNINGTON COUNTY SHERIFF,1005-00-856-6885,"RIFLE,5.56 MILLIMETER",1,Each,$120.00 ,D,1,11/14/2011 0:00
SD,PENNINGTON COUNTY SHERIFF,1005-00-179-0300,"RIFLE,7.62 MILLIMETER",1,Each,"$1,278.00 ",D,1,8/14/1996 0:00
SD,PENNINGTON COUNTY SHERIFF,1005-00-589-1271,"RIFLE,7.62 MILLIMETER",1,Each,$138.00 ,D,1,11/3/1993 0:00
SD,PENNINGTON COUNTY SHERIFF,1005-00-589-1271,"RIFLE,7.62 MILLIMETER",1,Each,$138.00 ,D,1,11/3/1993 0:00
SD,PENNINGTON COUNTY SHERIFF,1005-00-589-1271,"RIFLE,7.62 MILLIMETER",1,Each,$138.00 ,D,1,11/3/1993 0:00
SD,PENNINGTON COUNTY SHERIFF,1240-01-411-1265,"SIGHT,REFLEX",4,Each,$335.00 ,D,1,8/25/2016 0:00
SD,PENNINGTON COUNTY SHERIFF,1240-01-411-1265,"SIGHT,REFLEX",1,Each,$335.00 ,D,1,8/25/2016 0:00
SD,PENNINGTON COUNTY SHERIFF,1240-01-411-1265,"SIGHT,REFLEX",41,Each,$335.00 ,D,1,9/1/2016 0:00
SD,PENNINGTON COUNTY SHERIFF,1005-00-856-6885,"RIFLE,5.56 MILLIMETER",1,Each,$120.00 ,D,1,11/14/2011 0:00
SD,PENNINGTON COUNTY SHERIFF,1005-00-073-9421,"RIFLE,5.56 MILLIMETER",1,Each,$499.00 ,D,1,7/10/1996 0:00
SD,PENNINGTON COUNTY SHERIFF,1005-00-073-9421,"RIFLE,5.56 MILLIMETER",1,Each,$499.00 ,D,1,7/10/1996 0:00
SD,PENNINGTON COUNTY SHERIFF,1005-00-073-9421,"RIFLE,5.56 MILLIMETER",1,Each,$499.00 ,D,1,7/10/1996 0:00
SD,PENNINGTON COUNTY SHERIFF,1005-00-856-6885,"RIFLE,5.56 MILLIMETER",1,Each,$120.00 ,D,1,11/14/2011 0:00
SD,PENNINGTON COUNTY SHERIFF,1005-00-856-6885,"RIFLE,5.56 MILLIMETER",1,Each,$120.00 ,D,1,11/14/2011 0:00
SD,PENNINGTON COUNTY SHERIFF,1005-00-856-6885,"RIFLE,5.56 MILLIMETER",1,Each,$120.00 ,D,1,11/14/2011 0:00
SD,PENNINGTON COUNTY SHERIFF,1005-00-073-9421,"RIFLE,5.56 MILLIMETER",1,Each,$499.00 ,D,1,7/10/1996 0:00
SD,PENNINGTON COUNTY SHERIFF,1005-00-856-6885,"RIFLE,5.56 MILLIMETER",1,Each,$120.00 ,D,1,11/14/2011 0:00
SD,PENNINGTON COUNTY SHERIFF,1005-00-856-6885,"RIFLE,5.56 MILLIMETER",1,Each,$120.00 ,D,1,11/14/2011 0:00
SD,PENNINGTON COUNTY SHERIFF,1005-00-856-6885,"RIFLE,5.56 MILLIMETER",1,Each,$120.00 ,D,1,11/14/2011 0:00
SD,PENNINGTON COUNTY SHERIFF,1005-00-589-1271,"RIFLE,7.62 MILLIMETER",1,Each,$138.00 ,D,1,11/3/1993 0:00
SD,PENNINGTON COUNTY SHERIFF,1385-01-593-6219,PACKBOT 510 WITH FASTAC REMOTELY CONTROLLED VEHICLE,1,Each,"$77,000.00 ",Q,3,8/31/2017 0:00
SD,PENNINGTON COUNTY SHERIFF,1005-00-589-1271,"RIFLE,7.62 MILLIMETER",1,Each,$138.00 ,D,1,11/3/1993 0:00
SD,PENNINGTON COUNTY SHERIFF,1005-00-073-9421,"RIFLE,5.56 MILLIMETER",1,Each,$499.00 ,D,1,7/10/1996 0:00
SD,PENNINGTON COUNTY SHERIFF,1005-00-073-9421,"RIFLE,5.56 MILLIMETER",1,Each,$499.00 ,D,1,7/10/1996 0:00
SD,PENNINGTON COUNTY SHERIFF,1005-00-856-6885,"RIFLE,5.56 MILLIMETER",1,Each,$120.00 ,D,1,11/14/2011 0:00
SD,PENNINGTON COUNTY SHERIFF,1005-00-856-6885,"RIFLE,5.56 MILLIMETER",1,Each,$120.00 ,D,1,11/14/2011 0:00
SD,PENNINGTON COUNTY SHERIFF,1005-00-856-6885,"RIFLE,5.56 MILLIMETER",1,Each,$120.00 ,D,1,11/14/2011 0:00
SD,PENNINGTON COUNTY SHERIFF,1005-00-179-0300,"RIFLE,7.62 MILLIMETER",1,Each,"$1,278.00 ",D,1,8/14/1996 0:00
SD,PENNINGTON COUNTY SHERIFF,1005-01-128-9936,"RIFLE,5.56 MILLIMETER",1,Each,$749.00 ,D,1,9/18/2017 0:00
SD,PENNINGTON COUNTY SHERIFF,1005-01-128-9936,"RIFLE,5.56 MILLIMETER",1,Each,$749.00 ,D,1,9/18/2017 0:00
SD,PENNINGTON COUNTY SHERIFF,1005-01-128-9936,"RIFLE,5.56 MILLIMETER",1,Each,$749.00 ,D,1,9/18/2017 0:00
SD,PENNINGTON COUNTY SHERIFF,1005-01-128-9936,"RIFLE,5.56 MILLIMETER",1,Each,$749.00 ,D,1,9/18/2017 0:00
SD,PENNINGTON COUNTY SHERIFF,1005-01-128-9936,"RIFLE,5.56 MILLIMETER",1,Each,$749.00 ,D,1,9/18/2017 0:00
SD,PENNINGTON COUNTY SHERIFF,1005-01-128-9936,"RIFLE,5.56 MILLIMETER",1,Each,$749.00 ,D,1,9/18/2017 0:00
SD,PENNINGTON COUNTY SHERIFF,1005-01-128-9936,"RIFLE,5.56 MILLIMETER",1,Each,$749.00 ,D,1,9/18/2017 0:00
SD,PENNINGTON COUNTY SHERIFF,1005-01-128-9936,"RIFLE,5.56 MILLIMETER",1,Each,$749.00 ,D,1,9/18/2017 0:00
SD,PENNINGTON COUNTY SHERIFF,1005-01-128-9936,"RIFLE,5.56 MILLIMETER",1,Each,$749.00 ,D,1,9/18/2017 0:00
SD,PENNINGTON COUNTY SHERIFF,1005-01-128-9936,"RIFLE,5.56 MILLIMETER",1,Each,$749.00 ,D,1,9/18/2017 0:00
SD,PENNINGTON COUNTY SHERIFF,2355-01-553-4634,MINE RESISTANT VEHICLE,1,Each,"$658,000.00 ",C,1,5/21/2018 0:00
SD,PENNINGTON COUNTY SHERIFF,1240-01-411-1265,"SIGHT,REFLEX",12,Each,$335.00 ,D,1,9/8/2016 0:00
SD,PENNINGTON COUNTY SHERIFF,1005-00-073-9421,"RIFLE,5.56 MILLIMETER",1,Each,$499.00 ,D,1,7/10/1996 0:00
SD,PENNINGTON COUNTY SHERIFF,1005-00-073-9421,"RIFLE,5.56 MILLIMETER",1,Each,$499.00 ,D,1,7/10/1996 0:00
SD,PENNINGTON COUNTY SHERIFF,1005-00-073-9421,"RIFLE,5.56 MILLIMETER",1,Each,$499.00 ,D,1,7/10/1996 0:00
SD,PENNINGTON COUNTY SHERIFF,1005-00-856-6885,"RIFLE,5.56 MILLIMETER",1,Each,$120.00 ,D,1,11/14/2011 0:00
SD,PENNINGTON COUNTY SHERIFF,1005-00-856-6885,"RIFLE,5.56 MILLIMETER",1,Each,$120.00 ,D,1,11/14/2011 0:00
SD,PENNINGTON COUNTY SHERIFF,1005-00-856-6885,"RIFLE,5.56 MILLIMETER",1,Each,$120.00 ,D,1,11/14/2011 0:00
SD,PENNINGTON COUNTY SHERIFF,1005-00-856-6885,"RIFLE,5.56 MILLIMETER",1,Each,$120.00 ,D,1,11/14/2011 0:00
SD,PENNINGTON COUNTY SHERIFF,1005-00-856-6885,"RIFLE,5.56 MILLIMETER",1,Each,$120.00 ,D,1,11/14/2011 0:00
SD,PENNINGTON COUNTY SHERIFF,1005-00-589-1271,"RIFLE,7.62 MILLIMETER",1,Each,$138.00 ,D,1,11/3/1993 0:00
SD,PENNINGTON COUNTY SHERIFF,1005-00-179-0300,"RIFLE,7.62 MILLIMETER",1,Each,"$1,278.00 ",D,1,8/14/1996 0:00
SD,PENNINGTON COUNTY SHERIFF,1005-00-589-1271,"RIFLE,7.62 MILLIMETER",1,Each,$138.00 ,D,1,11/3/1993 0:00
SD,PENNINGTON COUNTY SHERIFF,1005-00-856-6885,"RIFLE,5.56 MILLIMETER",1,Each,$120.00 ,D,1,11/14/2011 0:00
SD,PENNINGTON COUNTY SHERIFF,1240-01-411-1265,"SIGHT,REFLEX",14,Each,$335.00 ,D,1,6/1/2017 0:00
SD,PENNINGTON COUNTY SHERIFF,2355-01-553-4634,MINE RESISTANT VEHICLE,1,Each,"$658,000.00 ",C,1,8/23/2017 0:00
SD,PENNINGTON COUNTY SHERIFF,1240-01-411-1265,"SIGHT,REFLEX",23,Each,$335.00 ,D,1,8/25/2016 0:00
SD,PENNINGTON COUNTY SHERIFF,1005-00-073-9421,"RIFLE,5.56 MILLIMETER",1,Each,$499.00 ,D,1,7/10/1996 0:00
SD,PERKINS COUNTY SHERIFF DEPT,1005-00-073-9421,"RIFLE,5.56 MILLIMETER",1,Each,$499.00 ,D,1,3/6/2012 0:00
SD,PERKINS COUNTY SHERIFF DEPT,1005-00-073-9421,"RIFLE,5.56 MILLIMETER",1,Each,$499.00 ,D,1,9/2/1998 0:00
SD,PERKINS COUNTY SHERIFF DEPT,1005-00-073-9421,"RIFLE,5.56 MILLIMETER",1,Each,$499.00 ,D,1,3/14/2012 0:00
SD,PERKINS COUNTY SHERIFF DEPT,1005-00-073-9421,"RIFLE,5.56 MILLIMETER",1,Each,$499.00 ,D,1,3/14/2012 0:00
SD,PERKINS COUNTY SHERIFF DEPT,1005-00-073-9421,"RIFLE,5.56 MILLIMETER",1,Each,$499.00 ,D,1,3/14/2012 0:00
SD,PERKINS COUNTY SHERIFF DEPT,1005-00-073-9421,"RIFLE,5.56 MILLIMETER",1,Each,$499.00 ,D,1,9/2/1998 0:00
SD,PERKINS COUNTY SHERIFF DEPT,1005-00-073-9421,"RIFLE,5.56 MILLIMETER",1,Each,$499.00 ,D,1,3/6/2012 0:00
SD,PIERRE POLICE DEPT,1005-00-589-1271,"RIFLE,7.62 MILLIMETER",1,Each,$138.00 ,D,1,10/15/2001 0:00
SD,PIERRE POLICE DEPT,5855-01-228-0936,NIGHT VISION GOGGLE,1,Each,"$4,300.00 ",F,1,5/28/1998 0:00
SD,PIERRE POLICE DEPT,1005-00-589-1271,"RIFLE,7.62 MILLIMETER",1,Each,$138.00 ,D,1,10/15/2001 0:00
SD,POTTER COUNTY SHERIFF,1005-00-589-1271,"RIFLE,7.62 MILLIMETER",1,Each,$138.00 ,D,1,11/3/1993 0:00
SD,POTTER COUNTY SHERIFF,1005-00-589-1271,"RIFLE,7.62 MILLIMETER",1,Each,$138.00 ,D,1,11/3/1993 0:00
SD,RAPID CITY POLICE DEPT,1240-01-540-3690,"SIGHT,REFLEX",15,Each,$335.00 ,D,1,1/11/2017 0:00
SD,RAPID CITY POLICE DEPT,5855-01-474-8904,"SIGHT,NIGHT VISION SNIPERSCOPE",1,Each,"$5,314.00 ",D,1,12/23/2016 0:00
SD,RAPID CITY POLICE DEPT,5855-01-228-0937,NIGHT VISION GOGGLE,1,Each,"$3,578.00 ",F,1,2/21/2017 0:00
SD,RAPID CITY POLICE DEPT,5855-01-228-0937,NIGHT VISION GOGGLE,1,Each,"$3,578.00 ",F,1,2/21/2017 0:00
SD,RAPID CITY POLICE DEPT,5855-01-531-5726,"SIGHT,NIGHT VISION SNIPERSCOPE",1,Each,"$10,089.00 ",D,1,1/6/2017 0:00
SD,RAPID CITY POLICE DEPT,5855-01-531-5726,"SIGHT,NIGHT VISION SNIPERSCOPE",1,Each,"$10,089.00 ",D,1,1/6/2017 0:00
SD,RAPID CITY POLICE DEPT,5855-01-531-5726,"SIGHT,NIGHT VISION SNIPERSCOPE",1,Each,"$10,089.00 ",D,1,1/6/2017 0:00
SD,RAPID CITY POLICE DEPT,5855-01-531-5726,"SIGHT,NIGHT VISION SNIPERSCOPE",1,Each,"$10,089.00 ",D,1,1/6/2017 0:00
SD,RAPID CITY POLICE DEPT,5855-01-531-5726,"SIGHT,NIGHT VISION SNIPERSCOPE",1,Each,"$10,089.00 ",D,1,1/6/2017 0:00
SD,RAPID CITY POLICE DEPT,5855-01-531-5726,"SIGHT,NIGHT VISION SNIPERSCOPE",1,Each,"$10,089.00 ",D,1,1/6/2017 0:00
SD,RAPID CITY POLICE DEPT,5855-01-531-5726,"SIGHT,NIGHT VISION SNIPERSCOPE",1,Each,"$10,089.00 ",D,1,1/6/2017 0:00
SD,RAPID CITY POLICE DEPT,5855-01-531-5726,"SIGHT,NIGHT VISION SNIPERSCOPE",1,Each,"$10,089.00 ",D,1,1/6/2017 0:00
SD,RAPID CITY POLICE DEPT,5855-01-531-5726,"SIGHT,NIGHT VISION SNIPERSCOPE",1,Each,"$10,089.00 ",D,1,1/6/2017 0:00
SD,RAPID CITY POLICE DEPT,5855-01-531-5726,"SIGHT,NIGHT VISION SNIPERSCOPE",1,Each,"$10,089.00 ",D,1,1/6/2017 0:00
SD,RAPID CITY POLICE DEPT,5855-01-474-8904,"SIGHT,NIGHT VISION SNIPERSCOPE",1,Each,"$5,314.00 ",D,1,1/19/2017 0:00
SD,RAPID CITY POLICE DEPT,5855-01-474-8904,"SIGHT,NIGHT VISION SNIPERSCOPE",1,Each,"$5,314.00 ",D,1,1/19/2017 0:00
SD,RAPID CITY POLICE DEPT,1240-01-571-5004,"PERISCOPE,PORTABLE",4,Each,$616.03 ,D,1,1/5/2017 0:00
SD,RAPID CITY POLICE DEPT,5855-01-474-8904,"SIGHT,NIGHT VISION SNIPERSCOPE",1,Each,"$5,314.00 ",D,1,1/19/2017 0:00
SD,RAPID CITY POLICE DEPT,5855-01-474-8904,"SIGHT,NIGHT VISION SNIPERSCOPE",1,Each,"$5,314.00 ",D,1,1/19/2017 0:00
SD,RAPID CITY POLICE DEPT,5855-01-474-8904,"SIGHT,NIGHT VISION SNIPERSCOPE",1,Each,"$5,314.00 ",D,1,1/19/2017 0:00
SD,RAPID CITY POLICE DEPT,5855-01-474-8904,"SIGHT,NIGHT VISION SNIPERSCOPE",1,Each,"$5,314.00 ",D,1,1/19/2017 0:00
SD,RAPID CITY POLICE DEPT,5855-01-474-8904,"SIGHT,NIGHT VISION SNIPERSCOPE",1,Each,"$5,314.00 ",D,1,1/19/2017 0:00
SD,RAPID CITY POLICE DEPT,5855-01-474-8904,"SIGHT,NIGHT VISION SNIPERSCOPE",1,Each,"$5,314.00 ",D,1,1/19/2017 0:00
SD,RAPID CITY POLICE DEPT,5855-01-474-8904,"SIGHT,NIGHT VISION SNIPERSCOPE",1,Each,"$5,314.00 ",D,1,1/19/2017 0:00
SD,RAPID CITY POLICE DEPT,5855-01-474-8904,"SIGHT,NIGHT VISION SNIPERSCOPE",1,Each,"$5,314.00 ",D,1,1/19/2017 0:00
SD,RAPID CITY POLICE DEPT,5855-01-474-8904,"SIGHT,NIGHT VISION SNIPERSCOPE",1,Each,"$5,314.00 ",D,1,1/19/2017 0:00
SD,RAPID CITY POLICE DEPT,5855-01-474-8904,"SIGHT,NIGHT VISION SNIPERSCOPE",1,Each,"$5,314.00 ",D,1,1/19/2017 0:00
SD,RAPID CITY POLICE DEPT,5855-01-474-8904,"SIGHT,NIGHT VISION SNIPERSCOPE",1,Each,"$5,314.00 ",D,1,1/19/2017 0:00
SD,RAPID CITY POLICE DEPT,5855-01-474-8904,"SIGHT,NIGHT VISION SNIPERSCOPE",1,Each,"$5,314.00 ",D,1,1/19/2017 0:00
SD,RAPID CITY POLICE DEPT,5855-01-474-8904,"SIGHT,NIGHT VISION SNIPERSCOPE",1,Each,"$5,314.00 ",D,1,1/19/2017 0:00
SD,RAPID CITY POLICE DEPT,5855-01-474-8904,"SIGHT,NIGHT VISION SNIPERSCOPE",1,Each,"$5,314.00 ",D,1,1/19/2017 0:00
SD,RAPID CITY POLICE DEPT,5855-01-474-8904,"SIGHT,NIGHT VISION SNIPERSCOPE",1,Each,"$5,314.00 ",D,1,1/19/2017 0:00
SD,RAPID CITY POLICE DEPT,5855-01-474-8904,"SIGHT,NIGHT VISION SNIPERSCOPE",1,Each,"$5,314.00 ",D,1,1/19/2017 0:00
SD,RAPID CITY POLICE DEPT,5855-01-474-8904,"SIGHT,NIGHT VISION SNIPERSCOPE",1,Each,"$5,314.00 ",D,1,1/19/2017 0:00
SD,RAPID CITY POLICE DEPT,5855-01-474-8904,"SIGHT,NIGHT VISION SNIPERSCOPE",1,Each,"$5,314.00 ",D,1,1/19/2017 0:00
SD,RAPID CITY POLICE DEPT,1240-01-490-3413,"RANGE FINDER,LASER",4,Each,"$36,540.00 ",D,1,12/1/2016 0:00
SD,RAPID CITY POLICE DEPT,1005-01-484-8000,"SIGHT,REAR",30,Each,$54.77 ,D,1,3/13/2017 0:00
SD,RAPID CITY POLICE DEPT,1005-01-484-8000,"SIGHT,REAR",21,Each,$54.77 ,D,1,2/23/2017 0:00
SD,RAPID CITY POLICE DEPT,1240-01-540-3690,"SIGHT,REFLEX",30,Each,$335.00 ,D,1,2/16/2017 0:00
SD,RAPID CITY POLICE DEPT,1240-01-540-3690,"SIGHT,REFLEX",11,Each,$335.00 ,D,1,1/3/2017 0:00
SD,RAPID CITY POLICE DEPT,1240-01-490-3413,"RANGE FINDER,LASER",4,Each,"$36,540.00 ",D,1,12/1/2016 0:00
SD,RAPID CITY POLICE DEPT,5855-01-228-0937,NIGHT VISION GOGGLE,1,Each,"$3,578.00 ",F,1,2/21/2017 0:00
SD,ROBERTS COUNTY SHERIFF DEPT,1005-00-073-9421,"RIFLE,5.56 MILLIMETER",1,Each,$499.00 ,D,1,10/15/2002 0:00
SD,ROBERTS COUNTY SHERIFF DEPT,1005-00-073-9421,"RIFLE,5.56 MILLIMETER",1,Each,$499.00 ,D,1,10/15/2002 0:00
SD,ROBERTS COUNTY SHERIFF DEPT,1005-00-073-9421,"RIFLE,5.56 MILLIMETER",1,Each,$499.00 ,D,1,11/27/2002 0:00
SD,ROBERTS COUNTY SHERIFF DEPT,1005-00-073-9421,"RIFLE,5.56 MILLIMETER",1,Each,$499.00 ,D,1,10/15/2002 0:00
SD,ROBERTS COUNTY SHERIFF DEPT,1005-00-073-9421,"RIFLE,5.56 MILLIMETER",1,Each,$499.00 ,D,1,10/15/2002 0:00
SD,SANBORN COUNTY SHERIFF DEPT,1005-00-589-1271,"RIFLE,7.62 MILLIMETER",1,Each,$138.00 ,D,1,11/3/1993 0:00
SD,SANBORN COUNTY SHERIFF DEPT,1005-00-589-1271,"RIFLE,7.62 MILLIMETER",1,Each,$138.00 ,D,1,11/3/1993 0:00
SD,SANBORN COUNTY SHERIFF DEPT,1005-00-589-1271,"RIFLE,7.62 MILLIMETER",1,Each,$138.00 ,D,1,10/15/2001 0:00
SD,SD DEPT OF GAME FISH AND PARKS,1005-00-589-1271,"RIFLE,7.62 MILLIMETER",1,Each,$138.00 ,D,1,7/1/1993 0:00
SD,SD DEPT OF GAME FISH AND PARKS,1005-00-589-1271,"RIFLE,7.62 MILLIMETER",1,Each,$138.00 ,D,1,7/1/1993 0:00
SD,SD DEPT OF GAME FISH AND PARKS,1005-00-589-1271,"RIFLE,7.62 MILLIMETER",1,Each,$138.00 ,D,1,7/1/1993 0:00
SD,SD DEPT OF GAME FISH AND PARKS,1005-00-589-1271,"RIFLE,7.62 MILLIMETER",1,Each,$138.00 ,D,1,7/1/1993 0:00
SD,SD DEPT OF GAME FISH AND PARKS,1005-00-589-1271,"RIFLE,7.62 MILLIMETER",1,Each,$138.00 ,D,1,7/1/1993 0:00
SD,SD DEPT OF GAME FISH AND PARKS,1005-00-589-1271,"RIFLE,7.62 MILLIMETER",1,Each,$138.00 ,D,1,7/1/1993 0:00
SD,SD DEPT OF GAME FISH AND PARKS,1005-00-589-1271,"RIFLE,7.62 MILLIMETER",1,Each,$138.00 ,D,1,11/3/1993 0:00
SD,SD DEPT OF GAME FISH AND PARKS,1005-00-589-1271,"RIFLE,7.62 MILLIMETER",1,Each,$138.00 ,D,1,11/3/1993 0:00
SD,SD DEPT OF GAME FISH AND PARKS,1005-00-589-1271,"RIFLE,7.62 MILLIMETER",1,Each,$138.00 ,D,1,7/1/1993 0:00
SD,SD DEPT OF GAME FISH AND PARKS,1005-00-589-1271,"RIFLE,7.62 MILLIMETER",1,Each,$138.00 ,D,1,7/1/1993 0:00
SD,SD DEPT OF GAME FISH AND PARKS,1005-00-589-1271,"RIFLE,7.62 MILLIMETER",1,Each,$138.00 ,D,1,7/1/1993 0:00
SD,SD DEPT OF GAME FISH AND PARKS,1005-00-589-1271,"RIFLE,7.62 MILLIMETER",1,Each,$138.00 ,D,1,7/1/1993 0:00
SD,SD DEPT OF GAME FISH AND PARKS,1005-00-589-1271,"RIFLE,7.62 MILLIMETER",1,Each,$138.00 ,D,1,7/1/1993 0:00
SD,SD DEPT OF GAME FISH AND PARKS,1005-00-589-1271,"RIFLE,7.62 MILLIMETER",1,Each,$138.00 ,D,1,7/1/1993 0:00
SD,SD DEPT OF GAME FISH AND PARKS,1005-00-589-1271,"RIFLE,7.62 MILLIMETER",1,Each,$138.00 ,D,1,7/1/1993 0:00
SD,SD DEPT OF GAME FISH AND PARKS,1005-00-589-1271,"RIFLE,7.62 MILLIMETER",1,Each,$138.00 ,D,1,7/1/1993 0:00
SD,SD DEPT OF GAME FISH AND PARKS,1005-00-589-1271,"RIFLE,7.62 MILLIMETER",1,Each,$138.00 ,D,1,7/1/1993 0:00
SD,SD DEPT OF GAME FISH AND PARKS,1005-00-589-1271,"RIFLE,7.62 MILLIMETER",1,Each,$138.00 ,D,1,7/1/1993 0:00
SD,SD DEPT OF GAME FISH AND PARKS,1005-00-589-1271,"RIFLE,7.62 MILLIMETER",1,Each,$138.00 ,D,1,7/1/1993 0:00
SD,SD DEPT OF GAME FISH AND PARKS,1005-00-589-1271,"RIFLE,7.62 MILLIMETER",1,Each,$138.00 ,D,1,7/1/1993 0:00
SD,SD DEPT OF GAME FISH AND PARKS,1005-00-589-1271,"RIFLE,7.62 MILLIMETER",1,Each,$138.00 ,D,1,11/3/1993 0:00
SD,SD DEPT OF GAME FISH AND PARKS,1005-00-589-1271,"RIFLE,7.62 MILLIMETER",1,Each,$138.00 ,D,1,7/1/1993 0:00
SD,SD DEPT OF GAME FISH AND PARKS,1005-00-589-1271,"RIFLE,7.62 MILLIMETER",1,Each,$138.00 ,D,1,7/1/1993 0:00
SD,SD DEPT OF GAME FISH AND PARKS,1005-00-589-1271,"RIFLE,7.62 MILLIMETER",1,Each,$138.00 ,D,1,7/1/1993 0:00
SD,SD DEPT OF GAME FISH AND PARKS,1005-00-589-1271,"RIFLE,7.62 MILLIMETER",1,Each,$138.00 ,D,1,7/1/1993 0:00
SD,SD DEPT OF GAME FISH AND PARKS,1005-00-589-1271,"RIFLE,7.62 MILLIMETER",1,Each,$138.00 ,D,1,7/1/1993 0:00
SD,SD DEPT OF GAME FISH AND PARKS,1005-00-589-1271,"RIFLE,7.62 MILLIMETER",1,Each,$138.00 ,D,1,11/3/1993 0:00
SD,SD DEPT OF GAME FISH AND PARKS,1005-00-589-1271,"RIFLE,7.62 MILLIMETER",1,Each,$138.00 ,D,1,7/1/1993 0:00
SD,SD DEPT OF GAME FISH AND PARKS,1005-00-589-1271,"RIFLE,7.62 MILLIMETER",1,Each,$138.00 ,D,1,7/1/1993 0:00
SD,SD DEPT OF GAME FISH AND PARKS,1005-00-589-1271,"RIFLE,7.62 MILLIMETER",1,Each,$138.00 ,D,1,7/1/1993 0:00
SD,SD DEPT OF GAME FISH AND PARKS,1005-00-589-1271,"RIFLE,7.62 MILLIMETER",1,Each,$138.00 ,D,1,7/1/1993 0:00
SD,SD DEPT OF GAME FISH AND PARKS,1005-00-589-1271,"RIFLE,7.62 MILLIMETER",1,Each,$138.00 ,D,1,7/1/1993 0:00
SD,SD DEPT OF GAME FISH AND PARKS,1005-00-589-1271,"RIFLE,7.62 MILLIMETER",1,Each,$138.00 ,D,1,7/1/1993 0:00
SD,SD DEPT OF GAME FISH AND PARKS,1005-00-589-1271,"RIFLE,7.62 MILLIMETER",1,Each,$138.00 ,D,1,7/1/1993 0:00
SD,SD DEPT OF GAME FISH AND PARKS,1005-00-589-1271,"RIFLE,7.62 MILLIMETER",1,Each,$138.00 ,D,1,7/1/1993 0:00
SD,SD DEPT OF GAME FISH AND PARKS,1005-00-589-1271,"RIFLE,7.62 MILLIMETER",1,Each,$138.00 ,D,1,7/1/1993 0:00
SD,SD DEPT OF GAME FISH AND PARKS,1005-00-589-1271,"RIFLE,7.62 MILLIMETER",1,Each,$138.00 ,D,1,7/1/1993 0:00
SD,SD DEPT OF GAME FISH AND PARKS,1005-00-589-1271,"RIFLE,7.62 MILLIMETER",1,Each,$138.00 ,D,1,7/1/1993 0:00
SD,SD DEPT OF GAME FISH AND PARKS,1005-00-589-1271,"RIFLE,7.62 MILLIMETER",1,Each,$138.00 ,D,1,7/1/1993 0:00
SD,SD DEPT OF GAME FISH AND PARKS,1005-00-589-1271,"RIFLE,7.62 MILLIMETER",1,Each,$138.00 ,D,1,7/1/1993 0:00
SD,SD DEPT OF GAME FISH AND PARKS,1005-00-589-1271,"RIFLE,7.62 MILLIMETER",1,Each,$138.00 ,D,1,7/1/1993 0:00
SD,SD DEPT OF GAME FISH AND PARKS,1005-00-589-1271,"RIFLE,7.62 MILLIMETER",1,Each,$138.00 ,D,1,7/1/1993 0:00
SD,SD DEPT OF GAME FISH AND PARKS,1005-00-589-1271,"RIFLE,7.62 MILLIMETER",1,Each,$138.00 ,D,1,7/1/1993 0:00
SD,SD DEPT OF GAME FISH AND PARKS,1005-00-589-1271,"RIFLE,7.62 MILLIMETER",1,Each,$138.00 ,D,1,7/1/1993 0:00
SD,SD DEPT OF GAME FISH AND PARKS,1005-00-589-1271,"RIFLE,7.62 MILLIMETER",1,Each,$138.00 ,D,1,7/1/1993 0:00
SD,SD DEPT OF GAME FISH AND PARKS,1005-00-589-1271,"RIFLE,7.62 MILLIMETER",1,Each,$138.00 ,D,1,8/9/1994 0:00
SD,SD DEPT OF GAME FISH AND PARKS,1005-00-589-1271,"RIFLE,7.62 MILLIMETER",1,Each,$138.00 ,D,1,7/1/1993 0:00
SD,SD DEPT OF GAME FISH AND PARKS,1005-00-589-1271,"RIFLE,7.62 MILLIMETER",1,Each,$138.00 ,D,1,7/1/1993 0:00
SD,SD DEPT OF GAME FISH AND PARKS,1005-00-589-1271,"RIFLE,7.62 MILLIMETER",1,Each,$138.00 ,D,1,11/3/1993 0:00
SD,SD DEPT OF GAME FISH AND PARKS,1005-00-589-1271,"RIFLE,7.62 MILLIMETER",1,Each,$138.00 ,D,1,7/1/1993 0:00
SD,SD DEPT OF GAME FISH AND PARKS,1005-00-589-1271,"RIFLE,7.62 MILLIMETER",1,Each,$138.00 ,D,1,7/1/1993 0:00
SD,SD DEPT OF GAME FISH AND PARKS,1005-00-589-1271,"RIFLE,7.62 MILLIMETER",1,Each,$138.00 ,D,1,7/1/1993 0:00
SD,SD DEPT OF GAME FISH AND PARKS,1005-00-589-1271,"RIFLE,7.62 MILLIMETER",1,Each,$138.00 ,D,1,7/1/1993 0:00
SD,SD DEPT OF GAME FISH AND PARKS,1005-00-589-1271,"RIFLE,7.62 MILLIMETER",1,Each,$138.00 ,D,1,7/1/1993 0:00
SD,SD DEPT OF GAME FISH AND PARKS,1005-00-589-1271,"RIFLE,7.62 MILLIMETER",1,Each,$138.00 ,D,1,7/1/1993 0:00
SD,SD DEPT OF GAME FISH AND PARKS,1005-00-589-1271,"RIFLE,7.62 MILLIMETER",1,Each,$138.00 ,D,1,7/1/1993 0:00
SD,SD DEPT OF GAME FISH AND PARKS,1005-00-589-1271,"RIFLE,7.62 MILLIMETER",1,Each,$138.00 ,D,1,7/1/1993 0:00
SD,SD DEPT OF GAME FISH AND PARKS,1005-00-589-1271,"RIFLE,7.62 MILLIMETER",1,Each,$138.00 ,D,1,7/1/1993 0:00
SD,SD DEPT OF GAME FISH AND PARKS,1005-00-589-1271,"RIFLE,7.62 MILLIMETER",1,Each,$138.00 ,D,1,7/1/1993 0:00
SD,SD DEPT OF GAME FISH AND PARKS,1005-00-589-1271,"RIFLE,7.62 MILLIMETER",1,Each,$138.00 ,D,1,7/1/1993 0:00
SD,SD DEPT OF GAME FISH AND PARKS,1005-00-589-1271,"RIFLE,7.62 MILLIMETER",1,Each,$138.00 ,D,1,7/1/1993 0:00
SD,SD DEPT OF GAME FISH AND PARKS,1005-00-589-1271,"RIFLE,7.62 MILLIMETER",1,Each,$138.00 ,D,1,7/1/1993 0:00
SD,SD DEPT OF GAME FISH AND PARKS,1005-00-589-1271,"RIFLE,7.62 MILLIMETER",1,Each,$138.00 ,D,1,7/1/1993 0:00
SD,SD DEPT OF GAME FISH AND PARKS,1005-00-589-1271,"RIFLE,7.62 MILLIMETER",1,Each,$138.00 ,D,1,7/1/1993 0:00
SD,SD DEPT OF GAME FISH AND PARKS,1005-00-589-1271,"RIFLE,7.62 MILLIMETER",1,Each,$138.00 ,D,1,7/1/1993 0:00
SD,SD DEPT OF GAME FISH AND PARKS,1005-00-589-1271,"RIFLE,7.62 MILLIMETER",1,Each,$138.00 ,D,1,7/1/1993 0:00
SD,SD DEPT OF GAME FISH AND PARKS,1005-00-589-1271,"RIFLE,7.62 MILLIMETER",1,Each,$138.00 ,D,1,7/1/1993 0:00
SD,SD DEPT OF GAME FISH AND PARKS,1005-00-589-1271,"RIFLE,7.62 MILLIMETER",1,Each,$138.00 ,D,1,7/1/1993 0:00
SD,SD DEPT OF GAME FISH AND PARKS,1005-00-589-1271,"RIFLE,7.62 MILLIMETER",1,Each,$138.00 ,D,1,11/3/1993 0:00
SD,SD DEPT OF GAME FISH AND PARKS,1005-00-589-1271,"RIFLE,7.62 MILLIMETER",1,Each,$138.00 ,D,1,11/3/1993 0:00
SD,SD DEPT OF GAME FISH AND PARKS,1005-00-589-1271,"RIFLE,7.62 MILLIMETER",1,Each,$138.00 ,D,1,11/3/1993 0:00
SD,SD DEPT OF GAME FISH AND PARKS,1005-00-589-1271,"RIFLE,7.62 MILLIMETER",1,Each,$138.00 ,D,1,7/1/1993 0:00
SD,SD DEPT OF GAME FISH AND PARKS,1005-00-589-1271,"RIFLE,7.62 MILLIMETER",1,Each,$138.00 ,D,1,7/1/1993 0:00
SD,SD DEPT OF GAME FISH AND PARKS,1005-00-589-1271,"RIFLE,7.62 MILLIMETER",1,Each,$138.00 ,D,1,7/1/1993 0:00
SD,SD DEPT OF GAME FISH AND PARKS,1005-00-589-1271,"RIFLE,7.62 MILLIMETER",1,Each,$138.00 ,D,1,7/1/1993 0:00
SD,SD DEPT OF GAME FISH AND PARKS,1005-00-589-1271,"RIFLE,7.62 MILLIMETER",1,Each,$138.00 ,D,1,7/1/1993 0:00
SD,SD DEPT OF GAME FISH AND PARKS,1005-00-589-1271,"RIFLE,7.62 MILLIMETER",1,Each,$138.00 ,D,1,7/1/1993 0:00
SD,SD DEPT OF GAME FISH AND PARKS,1005-00-589-1271,"RIFLE,7.62 MILLIMETER",1,Each,$138.00 ,D,1,7/1/1993 0:00
SD,SD DEPT OF GAME FISH AND PARKS,1005-00-589-1271,"RIFLE,7.62 MILLIMETER",1,Each,$138.00 ,D,1,7/1/1993 0:00
SD,SD DEPT OF GAME FISH AND PARKS,1005-00-589-1271,"RIFLE,7.62 MILLIMETER",1,Each,$138.00 ,D,1,7/1/1993 0:00
SD,SD DEPT OF GAME FISH AND PARKS,1005-00-589-1271,"RIFLE,7.62 MILLIMETER",1,Each,$138.00 ,D,1,7/1/1993 0:00
SD,SD DEPT OF GAME FISH AND PARKS,1005-00-589-1271,"RIFLE,7.62 MILLIMETER",1,Each,$138.00 ,D,1,11/3/1993 0:00
SD,SD DEPT OF GAME FISH AND PARKS,1005-00-589-1271,"RIFLE,7.62 MILLIMETER",1,Each,$138.00 ,D,1,7/1/1993 0:00
SD,SD DEPT OF GAME FISH AND PARKS,1005-00-589-1271,"RIFLE,7.62 MILLIMETER",1,Each,$138.00 ,D,1,7/1/1993 0:00
SD,SD DEPT OF GAME FISH AND PARKS,1005-00-589-1271,"RIFLE,7.62 MILLIMETER",1,Each,$138.00 ,D,1,7/1/1993 0:00
SD,SD DEPT OF GAME FISH AND PARKS,1005-00-589-1271,"RIFLE,7.62 MILLIMETER",1,Each,$138.00 ,D,1,7/1/1993 0:00
SD,SD DEPT OF GAME FISH AND PARKS,1005-00-589-1271,"RIFLE,7.62 MILLIMETER",1,Each,$138.00 ,D,1,7/1/1993 0:00
SD,SD DEPT OF GAME FISH AND PARKS,1005-00-589-1271,"RIFLE,7.62 MILLIMETER",1,Each,$138.00 ,D,1,7/1/1993 0:00
SD,SD DEPT OF GAME FISH AND PARKS,1005-00-589-1271,"RIFLE,7.62 MILLIMETER",1,Each,$138.00 ,D,1,7/1/1993 0:00
SD,SD DEPT OF GAME FISH AND PARKS,1005-00-589-1271,"RIFLE,7.62 MILLIMETER",1,Each,$138.00 ,D,1,7/1/1993 0:00
SD,SD DIV OF CRIMINAL INV ATTORNEY GEN,1005-00-073-9421,"RIFLE,5.56 MILLIMETER",1,Each,$499.00 ,D,1,12/19/1995 0:00
SD,SD DIV OF CRIMINAL INV ATTORNEY GEN,1005-00-073-9421,"RIFLE,5.56 MILLIMETER",1,Each,$499.00 ,D,1,12/19/1995 0:00
SD,SD DIV OF CRIMINAL INV ATTORNEY GEN,1005-00-073-9421,"RIFLE,5.56 MILLIMETER",1,Each,$499.00 ,D,1,12/19/1995 0:00
SD,SD DIV OF CRIMINAL INV ATTORNEY GEN,1005-00-073-9421,"RIFLE,5.56 MILLIMETER",1,Each,$499.00 ,D,1,12/19/1995 0:00
SD,SD DIV OF CRIMINAL INV ATTORNEY GEN,1005-00-073-9421,"RIFLE,5.56 MILLIMETER",1,Each,$499.00 ,D,1,12/19/1995 0:00
SD,SD STATE PENITENTIARY,1005-00-589-1271,"RIFLE,7.62 MILLIMETER",1,Each,$138.00 ,D,1,11/3/1993 0:00
SD,SD STATE PENITENTIARY,1005-00-589-1271,"RIFLE,7.62 MILLIMETER",1,Each,$138.00 ,D,1,11/3/1993 0:00
SD,SIOUX FALLS POLICE DEPT,1005-00-589-1271,"RIFLE,7.62 MILLIMETER",1,Each,$138.00 ,D,1,11/3/1993 0:00
SD,SIOUX FALLS POLICE DEPT,1005-00-589-1271,"RIFLE,7.62 MILLIMETER",1,Each,$138.00 ,D,1,6/25/1999 0:00
SD,SIOUX FALLS POLICE DEPT,1005-00-589-1271,"RIFLE,7.62 MILLIMETER",1,Each,$138.00 ,D,1,12/17/1998 0:00
SD,SIOUX FALLS POLICE DEPT,1005-00-589-1271,"RIFLE,7.62 MILLIMETER",1,Each,$138.00 ,D,1,11/3/1993 0:00
SD,SIOUX FALLS POLICE DEPT,1005-00-589-1271,"RIFLE,7.62 MILLIMETER",1,Each,$138.00 ,D,1,5/29/2001 0:00
SD,SIOUX FALLS POLICE DEPT,1005-00-589-1271,"RIFLE,7.62 MILLIMETER",1,Each,$138.00 ,D,1,9/6/2000 0:00
SD,SIOUX FALLS POLICE DEPT,1005-00-589-1271,"RIFLE,7.62 MILLIMETER",1,Each,$138.00 ,D,1,4/5/2000 0:00
SD,SIOUX FALLS POLICE DEPT,1005-00-589-1271,"RIFLE,7.62 MILLIMETER",1,Each,$138.00 ,D,1,9/6/2000 0:00
SD,SIOUX FALLS POLICE DEPT,1005-00-589-1271,"RIFLE,7.62 MILLIMETER",1,Each,$138.00 ,D,1,4/5/2000 0:00
SD,SIOUX FALLS POLICE DEPT,1385-01-593-6219,PACKBOT 510 WITH FASTAC REMOTELY CONTROLLED VEHICLE,1,Each,"$77,000.00 ",Q,3,8/31/2017 0:00
SD,SIOUX FALLS POLICE DEPT,1005-00-589-1271,"RIFLE,7.62 MILLIMETER",1,Each,$138.00 ,D,1,11/3/1993 0:00
SD,SIOUX FALLS POLICE DEPT,1005-00-589-1271,"RIFLE,7.62 MILLIMETER",1,Each,$138.00 ,D,1,11/3/1993 0:00
SD,SIOUX FALLS POLICE DEPT,1005-00-589-1271,"RIFLE,7.62 MILLIMETER",1,Each,$138.00 ,D,1,4/24/1998 0:00
SD,SIOUX FALLS POLICE DEPT,1005-00-589-1271,"RIFLE,7.62 MILLIMETER",1,Each,$138.00 ,D,1,4/5/2000 0:00
SD,SIOUX FALLS POLICE DEPT,1005-00-589-1271,"RIFLE,7.62 MILLIMETER",1,Each,$138.00 ,D,1,11/3/1993 0:00
SD,SIOUX FALLS POLICE DEPT,1005-00-589-1271,"RIFLE,7.62 MILLIMETER",1,Each,$138.00 ,D,1,4/24/1998 0:00
SD,SOUTH DAKOTA  HIGHWAY PATROL,1005-00-589-1271,"RIFLE,7.62 MILLIMETER",1,Each,$138.00 ,D,1,11/3/1993 0:00
SD,SOUTH DAKOTA  HIGHWAY PATROL,1005-00-073-9421,"RIFLE,5.56 MILLIMETER",1,Each,$499.00 ,D,1,8/14/1996 0:00
SD,SOUTH DAKOTA  HIGHWAY PATROL,1005-00-073-9421,"RIFLE,5.56 MILLIMETER",1,Each,$499.00 ,D,1,8/14/1996 0:00
SD,SOUTH DAKOTA  HIGHWAY PATROL,1005-00-073-9421,"RIFLE,5.56 MILLIMETER",1,Each,$499.00 ,D,1,8/14/1996 0:00
SD,SOUTH DAKOTA  HIGHWAY PATROL,1005-00-073-9421,"RIFLE,5.56 MILLIMETER",1,Each,$499.00 ,D,1,8/14/1996 0:00
SD,SOUTH DAKOTA  HIGHWAY PATROL,1005-00-073-9421,"RIFLE,5.56 MILLIMETER",1,Each,$499.00 ,D,1,8/14/1996 0:00
SD,SOUTH DAKOTA  HIGHWAY PATROL,1005-00-073-9421,"RIFLE,5.56 MILLIMETER",1,Each,$499.00 ,D,1,8/14/1996 0:00
SD,SOUTH DAKOTA  HIGHWAY PATROL,1005-00-073-9421,"RIFLE,5.56 MILLIMETER",1,Each,$499.00 ,D,1,4/21/1997 0:00
SD,SOUTH DAKOTA  HIGHWAY PATROL,1005-00-073-9421,"RIFLE,5.56 MILLIMETER",1,Each,$499.00 ,D,1,9/16/2002 0:00
SD,SOUTH DAKOTA  HIGHWAY PATROL,1005-00-073-9421,"RIFLE,5.56 MILLIMETER",1,Each,$499.00 ,D,1,4/21/1997 0:00
SD,SOUTH DAKOTA  HIGHWAY PATROL,1005-00-073-9421,"RIFLE,5.56 MILLIMETER",1,Each,$499.00 ,D,1,10/15/2002 0:00
SD,SOUTH DAKOTA  HIGHWAY PATROL,1005-00-073-9421,"RIFLE,5.56 MILLIMETER",1,Each,$499.00 ,D,1,4/21/1997 0:00
SD,SOUTH DAKOTA  HIGHWAY PATROL,1005-00-589-1271,"RIFLE,7.62 MILLIMETER",1,Each,$138.00 ,D,1,11/3/1993 0:00
SD,SOUTH DAKOTA  HIGHWAY PATROL,1240-01-411-1265,"SIGHT,REFLEX",30,Each,$335.00 ,D,1,5/30/2012 0:00
SD,SOUTH DAKOTA  HIGHWAY PATROL,2320-01-074-7642,"TRUCK,ARMORED",1,Each,"$65,070.00 ",C,1,4/23/2012 0:00
SD,SOUTH DAKOTA  HIGHWAY PATROL,1005-00-589-1271,"RIFLE,7.62 MILLIMETER",1,Each,$138.00 ,D,1,11/3/1993 0:00
SD,SOUTH DAKOTA  HIGHWAY PATROL,1005-00-179-0300,"RIFLE,7.62 MILLIMETER",1,Each,"$1,278.00 ",D,1,8/14/1996 0:00
SD,SOUTH DAKOTA  HIGHWAY PATROL,1005-00-073-9421,"RIFLE,5.56 MILLIMETER",1,Each,$499.00 ,D,1,8/14/1996 0:00
SD,SOUTH DAKOTA  HIGHWAY PATROL,1005-00-073-9421,"RIFLE,5.56 MILLIMETER",1,Each,$499.00 ,D,1,8/14/1996 0:00
SD,SOUTH DAKOTA  HIGHWAY PATROL,1005-00-589-1271,"RIFLE,7.62 MILLIMETER",1,Each,$138.00 ,D,1,11/3/1993 0:00
SD,SOUTH DAKOTA  HIGHWAY PATROL,1005-00-589-1271,"RIFLE,7.62 MILLIMETER",1,Each,$138.00 ,D,1,11/3/1993 0:00
SD,SOUTH DAKOTA  HIGHWAY PATROL,1005-00-589-1271,"RIFLE,7.62 MILLIMETER",1,Each,$138.00 ,D,1,11/3/1993 0:00
SD,SOUTH DAKOTA  HIGHWAY PATROL,1005-00-073-9421,"RIFLE,5.56 MILLIMETER",1,Each,$499.00 ,D,1,8/14/1996 0:00
SD,SOUTH DAKOTA  HIGHWAY PATROL,1005-00-179-0300,"RIFLE,7.62 MILLIMETER",1,Each,"$1,278.00 ",D,1,8/14/1996 0:00
SD,SOUTH DAKOTA  HIGHWAY PATROL,1005-00-073-9421,"RIFLE,5.56 MILLIMETER",1,Each,$499.00 ,D,1,8/14/1996 0:00
SD,SOUTH DAKOTA  HIGHWAY PATROL,1005-00-073-9421,"RIFLE,5.56 MILLIMETER",1,Each,$499.00 ,D,1,8/14/1996 0:00
SD,SOUTH DAKOTA  HIGHWAY PATROL,1005-00-073-9421,"RIFLE,5.56 MILLIMETER",1,Each,$499.00 ,D,1,8/14/1996 0:00
SD,SOUTH DAKOTA  HIGHWAY PATROL,1005-00-073-9421,"RIFLE,5.56 MILLIMETER",1,Each,$499.00 ,D,1,8/14/1996 0:00
SD,SOUTH DAKOTA  HIGHWAY PATROL,1005-00-073-9421,"RIFLE,5.56 MILLIMETER",1,Each,$499.00 ,D,1,8/14/1996 0:00
SD,SOUTH DAKOTA  HIGHWAY PATROL,1005-00-073-9421,"RIFLE,5.56 MILLIMETER",1,Each,$499.00 ,D,1,8/14/1996 0:00
SD,SOUTH DAKOTA  HIGHWAY PATROL,1005-00-073-9421,"RIFLE,5.56 MILLIMETER",1,Each,$499.00 ,D,1,8/14/1996 0:00
SD,SOUTH DAKOTA  HIGHWAY PATROL,1005-00-073-9421,"RIFLE,5.56 MILLIMETER",1,Each,$499.00 ,D,1,8/14/1996 0:00
SD,SOUTH DAKOTA  HIGHWAY PATROL,1005-00-073-9421,"RIFLE,5.56 MILLIMETER",1,Each,$499.00 ,D,1,8/14/1996 0:00
SD,SOUTH DAKOTA  HIGHWAY PATROL,1005-00-073-9421,"RIFLE,5.56 MILLIMETER",1,Each,$499.00 ,D,1,8/14/1996 0:00
SD,SOUTH DAKOTA  HIGHWAY PATROL,1005-00-073-9421,"RIFLE,5.56 MILLIMETER",1,Each,$499.00 ,D,1,8/14/1996 0:00
SD,SOUTH DAKOTA  HIGHWAY PATROL,1005-00-073-9421,"RIFLE,5.56 MILLIMETER",1,Each,$499.00 ,D,1,8/14/1996 0:00
SD,SOUTH DAKOTA  HIGHWAY PATROL,1005-00-073-9421,"RIFLE,5.56 MILLIMETER",1,Each,$499.00 ,D,1,8/14/1996 0:00
SD,SOUTH DAKOTA  HIGHWAY PATROL,1005-00-073-9421,"RIFLE,5.56 MILLIMETER",1,Each,$499.00 ,D,1,4/21/1997 0:00
SD,SOUTH DAKOTA  HIGHWAY PATROL,1005-00-073-9421,"RIFLE,5.56 MILLIMETER",1,Each,$499.00 ,D,1,8/14/1996 0:00
SD,SOUTH DAKOTA  HIGHWAY PATROL,1005-00-073-9421,"RIFLE,5.56 MILLIMETER",1,Each,$499.00 ,D,1,4/21/1997 0:00
SD,SOUTH DAKOTA  HIGHWAY PATROL,1005-00-073-9421,"RIFLE,5.56 MILLIMETER",1,Each,$499.00 ,D,1,8/14/1996 0:00
SD,SOUTH DAKOTA  HIGHWAY PATROL,1005-00-073-9421,"RIFLE,5.56 MILLIMETER",1,Each,$499.00 ,D,1,4/21/1997 0:00
SD,SOUTH DAKOTA  HIGHWAY PATROL,1005-00-073-9421,"RIFLE,5.56 MILLIMETER",1,Each,$499.00 ,D,1,8/14/1996 0:00
SD,SOUTH DAKOTA  HIGHWAY PATROL,1005-00-073-9421,"RIFLE,5.56 MILLIMETER",1,Each,$499.00 ,D,1,4/21/1997 0:00
SD,SOUTH DAKOTA  HIGHWAY PATROL,1005-00-856-6885,"RIFLE,5.56 MILLIMETER",1,Each,$120.00 ,D,1,3/18/2010 0:00
SD,SOUTH DAKOTA  HIGHWAY PATROL,1005-00-073-9421,"RIFLE,5.56 MILLIMETER",1,Each,$499.00 ,D,1,8/14/1996 0:00
SD,SOUTH DAKOTA  HIGHWAY PATROL,1240-01-411-1265,"SIGHT,REFLEX",45,Each,$335.00 ,D,1,5/30/2012 0:00
SD,SOUTH DAKOTA  HIGHWAY PATROL,1005-00-179-0300,"RIFLE,7.62 MILLIMETER",1,Each,"$1,278.00 ",D,1,8/14/1996 0:00
SD,SOUTH DAKOTA  HIGHWAY PATROL,1005-00-073-9421,"RIFLE,5.56 MILLIMETER",1,Each,$499.00 ,D,1,8/14/1996 0:00
SD,SOUTH DAKOTA  HIGHWAY PATROL,1240-01-540-3690,"SIGHT,REFLEX",5,Each,$335.00 ,D,1,4/30/2012 0:00
SD,SOUTH DAKOTA  HIGHWAY PATROL,1005-00-073-9421,"RIFLE,5.56 MILLIMETER",1,Each,$499.00 ,D,1,8/14/1996 0:00
SD,SOUTH DAKOTA  HIGHWAY PATROL,1240-01-411-1265,"SIGHT,REFLEX",1,Each,$335.00 ,D,1,5/30/2012 0:00
SD,SOUTH DAKOTA  HIGHWAY PATROL,1005-00-179-0300,"RIFLE,7.62 MILLIMETER",1,Each,"$1,278.00 ",D,1,8/14/1996 0:00
SD,SOUTH DAKOTA  HIGHWAY PATROL,1005-00-179-0300,"RIFLE,7.62 MILLIMETER",1,Each,"$1,278.00 ",D,1,8/14/1996 0:00
SD,SOUTH DAKOTA  HIGHWAY PATROL,1005-00-179-0300,"RIFLE,7.62 MILLIMETER",1,Each,"$1,278.00 ",D,1,8/14/1996 0:00
SD,SOUTH DAKOTA  HIGHWAY PATROL,1005-00-921-5483,"SHOTGUN,12 GAGE,RIOT TYPE",1,Each,$108.00 ,D,1,1/29/1999 0:00
SD,SOUTH DAKOTA  HIGHWAY PATROL,1005-00-073-9421,"RIFLE,5.56 MILLIMETER",1,Each,$499.00 ,D,1,4/21/1997 0:00
SD,SOUTH DAKOTA  HIGHWAY PATROL,1005-00-073-9421,"RIFLE,5.56 MILLIMETER",1,Each,$499.00 ,D,1,8/14/1996 0:00
SD,SOUTH DAKOTA  HIGHWAY PATROL,1005-00-073-9421,"RIFLE,5.56 MILLIMETER",1,Each,$499.00 ,D,1,8/14/1996 0:00
SD,SOUTH DAKOTA  HIGHWAY PATROL,1005-00-073-9421,"RIFLE,5.56 MILLIMETER",1,Each,$499.00 ,D,1,8/14/1996 0:00
SD,SOUTH DAKOTA  HIGHWAY PATROL,1005-00-073-9421,"RIFLE,5.56 MILLIMETER",1,Each,$499.00 ,D,1,8/14/1996 0:00
SD,SOUTH DAKOTA  HIGHWAY PATROL,1005-00-073-9421,"RIFLE,5.56 MILLIMETER",1,Each,$499.00 ,D,1,4/21/1997 0:00
SD,SOUTH DAKOTA  HIGHWAY PATROL,1005-00-073-9421,"RIFLE,5.56 MILLIMETER",1,Each,$499.00 ,D,1,8/14/1996 0:00
SD,SOUTH DAKOTA  HIGHWAY PATROL,1005-00-073-9421,"RIFLE,5.56 MILLIMETER",1,Each,$499.00 ,D,1,8/14/1996 0:00
SD,SOUTH DAKOTA  HIGHWAY PATROL,1005-00-073-9421,"RIFLE,5.56 MILLIMETER",1,Each,$499.00 ,D,1,8/14/1996 0:00
SD,SOUTH DAKOTA  HIGHWAY PATROL,1005-00-073-9421,"RIFLE,5.56 MILLIMETER",1,Each,$499.00 ,D,1,8/14/1996 0:00
SD,SOUTH DAKOTA  HIGHWAY PATROL,1005-00-073-9421,"RIFLE,5.56 MILLIMETER",1,Each,$499.00 ,D,1,4/21/1997 0:00
SD,SOUTH DAKOTA  HIGHWAY PATROL,1005-00-073-9421,"RIFLE,5.56 MILLIMETER",1,Each,$499.00 ,D,1,8/14/1996 0:00
SD,SOUTH DAKOTA  HIGHWAY PATROL,1005-00-073-9421,"RIFLE,5.56 MILLIMETER",1,Each,$499.00 ,D,1,8/14/1996 0:00
SD,SOUTH DAKOTA  HIGHWAY PATROL,1005-00-073-9421,"RIFLE,5.56 MILLIMETER",1,Each,$499.00 ,D,1,4/21/1997 0:00
SD,SOUTH DAKOTA  HIGHWAY PATROL,1005-00-073-9421,"RIFLE,5.56 MILLIMETER",1,Each,$499.00 ,D,1,4/21/1997 0:00
SD,SOUTH DAKOTA  HIGHWAY PATROL,1005-00-073-9421,"RIFLE,5.56 MILLIMETER",1,Each,$499.00 ,D,1,4/21/1997 0:00
SD,SOUTH DAKOTA  HIGHWAY PATROL,1005-00-073-9421,"RIFLE,5.56 MILLIMETER",1,Each,$499.00 ,D,1,10/15/2002 0:00
SD,SOUTH DAKOTA  HIGHWAY PATROL,1005-00-589-1271,"RIFLE,7.62 MILLIMETER",1,Each,$138.00 ,D,1,11/3/1993 0:00
SD,SOUTH DAKOTA  HIGHWAY PATROL,1005-00-856-6885,"RIFLE,5.56 MILLIMETER",1,Each,$120.00 ,D,1,3/18/2010 0:00
SD,SOUTH DAKOTA  HIGHWAY PATROL,1005-00-856-6885,"RIFLE,5.56 MILLIMETER",1,Each,$120.00 ,D,1,3/18/2010 0:00
SD,SOUTH DAKOTA  HIGHWAY PATROL,2320-01-413-3739,"TRUCK,UTILITY",1,Each,"$192,513.00 ",C,1,12/15/2017 0:00
SD,SOUTH DAKOTA  HIGHWAY PATROL,2320-01-413-3739,"TRUCK,UTILITY",1,Each,"$192,513.00 ",C,1,12/14/2017 0:00
SD,SOUTH DAKOTA  HIGHWAY PATROL,1005-00-179-0300,"RIFLE,7.62 MILLIMETER",1,Each,"$1,278.00 ",D,1,8/14/1996 0:00
SD,SOUTH DAKOTA  HIGHWAY PATROL,1005-00-073-9421,"RIFLE,5.56 MILLIMETER",1,Each,$499.00 ,D,1,8/14/1996 0:00
SD,SOUTH DAKOTA  HIGHWAY PATROL,1005-00-073-9421,"RIFLE,5.56 MILLIMETER",1,Each,$499.00 ,D,1,8/14/1996 0:00
SD,SOUTH DAKOTA  HIGHWAY PATROL,1005-00-073-9421,"RIFLE,5.56 MILLIMETER",1,Each,$499.00 ,D,1,7/22/1996 0:00
SD,SOUTH DAKOTA  HIGHWAY PATROL,1005-00-073-9421,"RIFLE,5.56 MILLIMETER",1,Each,$499.00 ,D,1,8/14/1996 0:00
SD,SOUTH DAKOTA  HIGHWAY PATROL,1005-00-073-9421,"RIFLE,5.56 MILLIMETER",1,Each,$499.00 ,D,1,8/14/1996 0:00
SD,SOUTH DAKOTA  HIGHWAY PATROL,1005-00-073-9421,"RIFLE,5.56 MILLIMETER",1,Each,$499.00 ,D,1,8/14/1996 0:00
SD,SOUTH DAKOTA  HIGHWAY PATROL,1005-00-073-9421,"RIFLE,5.56 MILLIMETER",1,Each,$499.00 ,D,1,8/14/1996 0:00
SD,SOUTH DAKOTA  HIGHWAY PATROL,1005-00-589-1271,"RIFLE,7.62 MILLIMETER",1,Each,$138.00 ,D,1,11/3/1993 0:00
SD,SOUTH DAKOTA  HIGHWAY PATROL,1240-01-411-1265,"SIGHT,REFLEX",1,Each,$335.00 ,D,1,5/5/2010 0:00
SD,SOUTH DAKOTA  HIGHWAY PATROL,1005-00-589-1271,"RIFLE,7.62 MILLIMETER",1,Each,$138.00 ,D,1,11/3/1993 0:00
SD,SOUTH DAKOTA  HIGHWAY PATROL,1005-00-589-1271,"RIFLE,7.62 MILLIMETER",1,Each,$138.00 ,D,1,11/3/1993 0:00
SD,SOUTH DAKOTA  HIGHWAY PATROL,1005-00-073-9421,"RIFLE,5.56 MILLIMETER",1,Each,$499.00 ,D,1,4/21/1997 0:00
SD,SOUTH DAKOTA  HIGHWAY PATROL,1005-00-589-1271,"RIFLE,7.62 MILLIMETER",1,Each,$138.00 ,D,1,11/3/1993 0:00
SD,SOUTH DAKOTA  HIGHWAY PATROL,1005-00-589-1271,"RIFLE,7.62 MILLIMETER",1,Each,$138.00 ,D,1,11/3/1993 0:00
SD,SOUTH DAKOTA  HIGHWAY PATROL,1005-00-073-9421,"RIFLE,5.56 MILLIMETER",1,Each,$499.00 ,D,1,4/21/1997 0:00
SD,SOUTH DAKOTA  HIGHWAY PATROL,1005-00-179-0300,"RIFLE,7.62 MILLIMETER",1,Each,"$1,278.00 ",D,1,8/14/1996 0:00
SD,SOUTH DAKOTA  HIGHWAY PATROL,1005-00-179-0300,"RIFLE,7.62 MILLIMETER",1,Each,"$1,278.00 ",D,1,8/14/1996 0:00
SD,SOUTH DAKOTA  HIGHWAY PATROL,1240-01-411-1265,"SIGHT,REFLEX",5,Each,$335.00 ,D,1,6/7/2012 0:00
SD,SOUTH DAKOTA  HIGHWAY PATROL,1005-00-073-9421,"RIFLE,5.56 MILLIMETER",1,Each,$499.00 ,D,1,12/28/1998 0:00
SD,SOUTH DAKOTA  HIGHWAY PATROL,2320-01-499-0015,"TRUCK,UTILITY",1,Each,"$172,193.00 ",C,1,1/5/2012 0:00
SD,SOUTH DAKOTA  HIGHWAY PATROL,1005-00-073-9421,"RIFLE,5.56 MILLIMETER",1,Each,$499.00 ,D,1,4/21/1997 0:00
SD,SOUTH DAKOTA  HIGHWAY PATROL,1005-00-073-9421,"RIFLE,5.56 MILLIMETER",1,Each,$499.00 ,D,1,8/14/1996 0:00
SD,SOUTH DAKOTA  HIGHWAY PATROL,1005-00-179-0300,"RIFLE,7.62 MILLIMETER",1,Each,"$1,278.00 ",D,1,8/14/1996 0:00
SD,SOUTH DAKOTA  HIGHWAY PATROL,1005-00-179-0300,"RIFLE,7.62 MILLIMETER",1,Each,"$1,278.00 ",D,1,8/14/1996 0:00
SD,SOUTH DAKOTA  HIGHWAY PATROL,1005-00-073-9421,"RIFLE,5.56 MILLIMETER",1,Each,$499.00 ,D,1,9/16/2002 0:00
SD,SOUTH DAKOTA  HIGHWAY PATROL,1005-00-073-9421,"RIFLE,5.56 MILLIMETER",1,Each,$499.00 ,D,1,8/14/1996 0:00
SD,SOUTH DAKOTA  HIGHWAY PATROL,1005-00-589-1271,"RIFLE,7.62 MILLIMETER",1,Each,$138.00 ,D,1,11/3/1993 0:00
SD,SOUTH DAKOTA  HIGHWAY PATROL,1005-00-589-1271,"RIFLE,7.62 MILLIMETER",1,Each,$138.00 ,D,1,11/3/1993 0:00
SD,SOUTH DAKOTA  HIGHWAY PATROL,1005-00-589-1271,"RIFLE,7.62 MILLIMETER",1,Each,$138.00 ,D,1,11/3/1993 0:00
SD,SOUTH DAKOTA  HIGHWAY PATROL,1005-00-589-1271,"RIFLE,7.62 MILLIMETER",1,Each,$138.00 ,D,1,4/26/2002 0:00
SD,SOUTH DAKOTA  HIGHWAY PATROL,1005-00-179-0300,"RIFLE,7.62 MILLIMETER",1,Each,"$1,278.00 ",D,1,8/14/1996 0:00
SD,SOUTH DAKOTA  HIGHWAY PATROL,1005-00-179-0300,"RIFLE,7.62 MILLIMETER",1,Each,"$1,278.00 ",D,1,8/14/1996 0:00
SD,SOUTH DAKOTA  HIGHWAY PATROL,1005-00-073-9421,"RIFLE,5.56 MILLIMETER",1,Each,$499.00 ,D,1,8/14/1996 0:00
SD,SOUTH DAKOTA  HIGHWAY PATROL,1005-00-073-9421,"RIFLE,5.56 MILLIMETER",1,Each,$499.00 ,D,1,8/14/1996 0:00
SD,SOUTH DAKOTA  HIGHWAY PATROL,1005-00-073-9421,"RIFLE,5.56 MILLIMETER",1,Each,$499.00 ,D,1,8/14/1996 0:00
SD,SOUTH DAKOTA  HIGHWAY PATROL,1005-00-589-1271,"RIFLE,7.62 MILLIMETER",1,Each,$138.00 ,D,1,11/3/1993 0:00
SD,SOUTH DAKOTA  HIGHWAY PATROL,1005-00-073-9421,"RIFLE,5.56 MILLIMETER",1,Each,$499.00 ,D,1,8/14/1996 0:00
SD,SOUTH DAKOTA  HIGHWAY PATROL,1005-00-073-9421,"RIFLE,5.56 MILLIMETER",1,Each,$499.00 ,D,1,8/14/1996 0:00
SD,SOUTH DAKOTA  HIGHWAY PATROL,1005-00-073-9421,"RIFLE,5.56 MILLIMETER",1,Each,$499.00 ,D,1,8/14/1996 0:00
SD,SOUTH DAKOTA  HIGHWAY PATROL,1005-00-073-9421,"RIFLE,5.56 MILLIMETER",1,Each,$499.00 ,D,1,8/14/1996 0:00
SD,SOUTH DAKOTA  HIGHWAY PATROL,1005-00-073-9421,"RIFLE,5.56 MILLIMETER",1,Each,$499.00 ,D,1,8/14/1996 0:00
SD,SOUTH DAKOTA  HIGHWAY PATROL,1005-00-073-9421,"RIFLE,5.56 MILLIMETER",1,Each,$499.00 ,D,1,8/14/1996 0:00
SD,SOUTH DAKOTA  HIGHWAY PATROL,1005-00-073-9421,"RIFLE,5.56 MILLIMETER",1,Each,$499.00 ,D,1,8/14/1996 0:00
SD,SOUTH DAKOTA  HIGHWAY PATROL,1005-00-073-9421,"RIFLE,5.56 MILLIMETER",1,Each,$499.00 ,D,1,4/21/1997 0:00
SD,SOUTH DAKOTA  HIGHWAY PATROL,1005-00-073-9421,"RIFLE,5.56 MILLIMETER",1,Each,$499.00 ,D,1,4/21/1997 0:00
SD,SOUTH DAKOTA  HIGHWAY PATROL,1005-00-073-9421,"RIFLE,5.56 MILLIMETER",1,Each,$499.00 ,D,1,8/14/1996 0:00
SD,SOUTH DAKOTA  HIGHWAY PATROL,1005-00-073-9421,"RIFLE,5.56 MILLIMETER",1,Each,$499.00 ,D,1,8/14/1996 0:00
SD,SOUTH DAKOTA  HIGHWAY PATROL,1005-00-073-9421,"RIFLE,5.56 MILLIMETER",1,Each,$499.00 ,D,1,8/14/1996 0:00
SD,SOUTH DAKOTA  HIGHWAY PATROL,1005-00-073-9421,"RIFLE,5.56 MILLIMETER",1,Each,$499.00 ,D,1,8/14/1996 0:00
SD,SOUTH DAKOTA  HIGHWAY PATROL,1005-00-073-9421,"RIFLE,5.56 MILLIMETER",1,Each,$499.00 ,D,1,4/21/1997 0:00
SD,SOUTH DAKOTA  HIGHWAY PATROL,1005-00-073-9421,"RIFLE,5.56 MILLIMETER",1,Each,$499.00 ,D,1,8/14/1996 0:00
SD,SOUTH DAKOTA  HIGHWAY PATROL,1005-00-073-9421,"RIFLE,5.56 MILLIMETER",1,Each,$499.00 ,D,1,8/14/1996 0:00
SD,SOUTH DAKOTA  HIGHWAY PATROL,1005-00-073-9421,"RIFLE,5.56 MILLIMETER",1,Each,$499.00 ,D,1,8/14/1996 0:00
SD,SOUTH DAKOTA  HIGHWAY PATROL,1005-00-073-9421,"RIFLE,5.56 MILLIMETER",1,Each,$499.00 ,D,1,8/14/1996 0:00
SD,SOUTH DAKOTA  HIGHWAY PATROL,1005-00-073-9421,"RIFLE,5.56 MILLIMETER",1,Each,$499.00 ,D,1,8/14/1996 0:00
SD,SOUTH DAKOTA  HIGHWAY PATROL,1005-00-073-9421,"RIFLE,5.56 MILLIMETER",1,Each,$499.00 ,D,1,8/14/1996 0:00
SD,SOUTH DAKOTA  HIGHWAY PATROL,1005-00-073-9421,"RIFLE,5.56 MILLIMETER",1,Each,$499.00 ,D,1,8/14/1996 0:00
SD,SOUTH DAKOTA  HIGHWAY PATROL,1005-00-073-9421,"RIFLE,5.56 MILLIMETER",1,Each,$499.00 ,D,1,8/14/1996 0:00
SD,SOUTH DAKOTA  HIGHWAY PATROL,1005-00-073-9421,"RIFLE,5.56 MILLIMETER",1,Each,$499.00 ,D,1,8/14/1996 0:00
SD,SOUTH DAKOTA  HIGHWAY PATROL,1005-00-073-9421,"RIFLE,5.56 MILLIMETER",1,Each,$499.00 ,D,1,8/14/1996 0:00
SD,SOUTH DAKOTA  HIGHWAY PATROL,1005-00-073-9421,"RIFLE,5.56 MILLIMETER",1,Each,$499.00 ,D,1,8/14/1996 0:00
SD,SOUTH DAKOTA  HIGHWAY PATROL,1005-00-073-9421,"RIFLE,5.56 MILLIMETER",1,Each,$499.00 ,D,1,8/14/1996 0:00
SD,SOUTH DAKOTA  HIGHWAY PATROL,1005-00-073-9421,"RIFLE,5.56 MILLIMETER",1,Each,$499.00 ,D,1,8/14/1996 0:00
SD,SOUTH DAKOTA  HIGHWAY PATROL,1005-00-073-9421,"RIFLE,5.56 MILLIMETER",1,Each,$499.00 ,D,1,8/14/1996 0:00
SD,SOUTH DAKOTA  HIGHWAY PATROL,1005-00-073-9421,"RIFLE,5.56 MILLIMETER",1,Each,$499.00 ,D,1,8/14/1996 0:00
SD,SOUTH DAKOTA  HIGHWAY PATROL,1005-00-073-9421,"RIFLE,5.56 MILLIMETER",1,Each,$499.00 ,D,1,8/14/1996 0:00
SD,SOUTH DAKOTA  HIGHWAY PATROL,1005-00-073-9421,"RIFLE,5.56 MILLIMETER",1,Each,$499.00 ,D,1,8/14/1996 0:00
SD,SOUTH DAKOTA  HIGHWAY PATROL,1005-00-073-9421,"RIFLE,5.56 MILLIMETER",1,Each,$499.00 ,D,1,8/14/1996 0:00
SD,SOUTH DAKOTA  HIGHWAY PATROL,1005-00-073-9421,"RIFLE,5.56 MILLIMETER",1,Each,$499.00 ,D,1,8/14/1996 0:00
SD,SOUTH DAKOTA  HIGHWAY PATROL,1005-00-073-9421,"RIFLE,5.56 MILLIMETER",1,Each,$499.00 ,D,1,8/14/1996 0:00
SD,SOUTH DAKOTA  HIGHWAY PATROL,1005-00-073-9421,"RIFLE,5.56 MILLIMETER",1,Each,$499.00 ,D,1,4/21/1997 0:00
SD,SOUTH DAKOTA  HIGHWAY PATROL,1005-00-073-9421,"RIFLE,5.56 MILLIMETER",1,Each,$499.00 ,D,1,8/14/1996 0:00
SD,SOUTH DAKOTA  HIGHWAY PATROL,1005-00-589-1271,"RIFLE,7.62 MILLIMETER",1,Each,$138.00 ,D,1,11/3/1993 0:00
SD,SOUTH DAKOTA  HIGHWAY PATROL,1240-01-411-1265,"SIGHT,REFLEX",30,Each,$335.00 ,D,1,5/30/2012 0:00
SD,SOUTH DAKOTA  HIGHWAY PATROL,2320-01-074-7642,"TRUCK,ARMORED",1,Each,"$65,070.00 ",C,1,6/13/1995 0:00
SD,SOUTH DAKOTA  HIGHWAY PATROL,1005-00-179-0300,"RIFLE,7.62 MILLIMETER",1,Each,"$1,278.00 ",D,1,8/14/1996 0:00
SD,SOUTH DAKOTA  HIGHWAY PATROL,1005-00-073-9421,"RIFLE,5.56 MILLIMETER",1,Each,$499.00 ,D,1,8/14/1996 0:00
SD,SOUTH DAKOTA  HIGHWAY PATROL,1005-00-179-0300,"RIFLE,7.62 MILLIMETER",1,Each,"$1,278.00 ",D,1,8/14/1996 0:00
SD,SOUTH DAKOTA  HIGHWAY PATROL,1005-00-179-0300,"RIFLE,7.62 MILLIMETER",1,Each,"$1,278.00 ",D,1,8/14/1996 0:00
SD,SOUTH DAKOTA  HIGHWAY PATROL,1005-00-179-0300,"RIFLE,7.62 MILLIMETER",1,Each,"$1,278.00 ",D,1,8/14/1996 0:00
SD,SOUTH DAKOTA  HIGHWAY PATROL,1005-00-073-9421,"RIFLE,5.56 MILLIMETER",1,Each,$499.00 ,D,1,8/14/1996 0:00
SD,SOUTH DAKOTA  HIGHWAY PATROL,1005-00-073-9421,"RIFLE,5.56 MILLIMETER",1,Each,$499.00 ,D,1,8/14/1996 0:00
SD,SOUTH DAKOTA  HIGHWAY PATROL,1005-00-073-9421,"RIFLE,5.56 MILLIMETER",1,Each,$499.00 ,D,1,8/14/1996 0:00
SD,SOUTH DAKOTA  HIGHWAY PATROL,1005-00-073-9421,"RIFLE,5.56 MILLIMETER",1,Each,$499.00 ,D,1,8/14/1996 0:00
SD,SOUTH DAKOTA  HIGHWAY PATROL,1005-00-073-9421,"RIFLE,5.56 MILLIMETER",1,Each,$499.00 ,D,1,8/14/1996 0:00
SD,SOUTH DAKOTA  HIGHWAY PATROL,1005-00-073-9421,"RIFLE,5.56 MILLIMETER",1,Each,$499.00 ,D,1,4/21/1997 0:00
SD,SOUTH DAKOTA  HIGHWAY PATROL,1005-00-073-9421,"RIFLE,5.56 MILLIMETER",1,Each,$499.00 ,D,1,4/21/1997 0:00
SD,SOUTH DAKOTA  HIGHWAY PATROL,1005-00-073-9421,"RIFLE,5.56 MILLIMETER",1,Each,$499.00 ,D,1,8/14/1996 0:00
SD,SOUTH DAKOTA  HIGHWAY PATROL,1005-00-073-9421,"RIFLE,5.56 MILLIMETER",1,Each,$499.00 ,D,1,8/14/1996 0:00
SD,SOUTH DAKOTA  HIGHWAY PATROL,1005-00-073-9421,"RIFLE,5.56 MILLIMETER",1,Each,$499.00 ,D,1,8/14/1996 0:00
SD,SOUTH DAKOTA  HIGHWAY PATROL,1005-00-073-9421,"RIFLE,5.56 MILLIMETER",1,Each,$499.00 ,D,1,8/14/1996 0:00
SD,SOUTH DAKOTA  HIGHWAY PATROL,1005-00-073-9421,"RIFLE,5.56 MILLIMETER",1,Each,$499.00 ,D,1,8/14/1996 0:00
SD,SOUTH DAKOTA  HIGHWAY PATROL,1005-00-073-9421,"RIFLE,5.56 MILLIMETER",1,Each,$499.00 ,D,1,8/14/1996 0:00
SD,SOUTH DAKOTA  HIGHWAY PATROL,1005-00-073-9421,"RIFLE,5.56 MILLIMETER",1,Each,$499.00 ,D,1,8/14/1996 0:00
SD,SOUTH DAKOTA  HIGHWAY PATROL,1005-00-073-9421,"RIFLE,5.56 MILLIMETER",1,Each,$499.00 ,D,1,4/21/1997 0:00
SD,SOUTH DAKOTA  HIGHWAY PATROL,1005-00-073-9421,"RIFLE,5.56 MILLIMETER",1,Each,$499.00 ,D,1,8/14/1996 0:00
SD,SOUTH DAKOTA  HIGHWAY PATROL,1005-00-073-9421,"RIFLE,5.56 MILLIMETER",1,Each,$499.00 ,D,1,8/14/1996 0:00
SD,SOUTH DAKOTA  HIGHWAY PATROL,1005-00-073-9421,"RIFLE,5.56 MILLIMETER",1,Each,$499.00 ,D,1,8/14/1996 0:00
SD,SOUTH DAKOTA  HIGHWAY PATROL,1005-00-073-9421,"RIFLE,5.56 MILLIMETER",1,Each,$499.00 ,D,1,8/14/1996 0:00
SD,SOUTH DAKOTA  HIGHWAY PATROL,1005-00-073-9421,"RIFLE,5.56 MILLIMETER",1,Each,$499.00 ,D,1,8/14/1996 0:00
SD,SOUTH DAKOTA  HIGHWAY PATROL,1005-00-073-9421,"RIFLE,5.56 MILLIMETER",1,Each,$499.00 ,D,1,8/14/1996 0:00
SD,SOUTH DAKOTA  HIGHWAY PATROL,1005-00-073-9421,"RIFLE,5.56 MILLIMETER",1,Each,$499.00 ,D,1,8/14/1996 0:00
SD,SOUTH DAKOTA  HIGHWAY PATROL,1005-00-073-9421,"RIFLE,5.56 MILLIMETER",1,Each,$499.00 ,D,1,8/14/1996 0:00
SD,SOUTH DAKOTA  HIGHWAY PATROL,1005-00-073-9421,"RIFLE,5.56 MILLIMETER",1,Each,$499.00 ,D,1,8/14/1996 0:00
SD,SOUTH DAKOTA  HIGHWAY PATROL,1005-00-856-6885,"RIFLE,5.56 MILLIMETER",1,Each,$120.00 ,D,1,3/16/2010 0:00
SD,SOUTH DAKOTA  HIGHWAY PATROL,1005-00-073-9421,"RIFLE,5.56 MILLIMETER",1,Each,$499.00 ,D,1,12/28/1998 0:00
SD,SOUTH DAKOTA  HIGHWAY PATROL,1385-01-574-4707,"UNMANNED VEHICLE,GROUND",1,Each,"$10,000.00 ",Q,3,12/10/2012 0:00
SD,SOUTH DAKOTA  HIGHWAY PATROL,1005-00-073-9421,"RIFLE,5.56 MILLIMETER",1,Each,$499.00 ,D,1,8/14/1996 0:00
SD,SOUTH DAKOTA  HIGHWAY PATROL,1005-00-073-9421,"RIFLE,5.56 MILLIMETER",1,Each,$499.00 ,D,1,8/14/1996 0:00
SD,SOUTH DAKOTA  HIGHWAY PATROL,1005-00-073-9421,"RIFLE,5.56 MILLIMETER",1,Each,$499.00 ,D,1,8/14/1996 0:00
SD,SOUTH DAKOTA  HIGHWAY PATROL,1005-00-073-9421,"RIFLE,5.56 MILLIMETER",1,Each,$499.00 ,D,1,8/14/1996 0:00
SD,SOUTH DAKOTA  HIGHWAY PATROL,1005-00-073-9421,"RIFLE,5.56 MILLIMETER",1,Each,$499.00 ,D,1,4/21/1997 0:00
SD,SOUTH DAKOTA  HIGHWAY PATROL,1005-00-073-9421,"RIFLE,5.56 MILLIMETER",1,Each,$499.00 ,D,1,7/22/1996 0:00
SD,SOUTH DAKOTA  HIGHWAY PATROL,1005-00-856-6885,"RIFLE,5.56 MILLIMETER",1,Each,$120.00 ,D,1,3/16/2010 0:00
SD,SOUTH DAKOTA  HIGHWAY PATROL,1385-01-574-4707,"UNMANNED VEHICLE,GROUND",1,Each,"$10,000.00 ",Q,3,12/10/2012 0:00
SD,SOUTH DAKOTA  HIGHWAY PATROL,1005-00-073-9421,"RIFLE,5.56 MILLIMETER",1,Each,$499.00 ,D,1,4/21/1997 0:00
SD,SOUTH DAKOTA  HIGHWAY PATROL,1005-00-073-9421,"RIFLE,5.56 MILLIMETER",1,Each,$499.00 ,D,1,10/15/2002 0:00
SD,SOUTH DAKOTA  HIGHWAY PATROL,1005-00-073-9421,"RIFLE,5.56 MILLIMETER",1,Each,$499.00 ,D,1,10/15/2002 0:00
SD,SOUTH DAKOTA  HIGHWAY PATROL,1005-00-073-9421,"RIFLE,5.56 MILLIMETER",1,Each,$499.00 ,D,1,10/15/2002 0:00
SD,SOUTH DAKOTA  HIGHWAY PATROL,2320-01-413-3739,"TRUCK,UTILITY",1,Each,"$192,513.00 ",C,1,1/5/2012 0:00
SD,SOUTH DAKOTA  HIGHWAY PATROL,1005-00-589-1271,"RIFLE,7.62 MILLIMETER",1,Each,$138.00 ,D,1,11/3/1993 0:00
SD,SOUTH DAKOTA  HIGHWAY PATROL,1005-01-541-2476,"ADAPTER RAIL,WEAPON MOUNTED",54,Each,$12.03 ,D,1,4/11/2012 0:00
SD,SOUTH DAKOTA  HIGHWAY PATROL,1005-01-541-2476,"ADAPTER RAIL,WEAPON MOUNTED",2,Each,$12.03 ,D,1,5/19/2012 0:00
SD,SOUTH DAKOTA  HIGHWAY PATROL,1005-01-562-1866,"ADAPTER RAIL,WEAPON MOUNTED",70,Each,$13.68 ,D,1,4/12/2012 0:00
SD,SOUTH DAKOTA  HIGHWAY PATROL,6650-00-530-0960,"TELESCOPE,STRAIGHT",5,Each,$442.00 ,D,1,4/12/2012 0:00
SD,SOUTH DAKOTA  HIGHWAY PATROL,5850-00-999-3736,"VIEWING SET,INFRARE",75,Each,"$2,617.00 ",C,1,11/7/1996 0:00
SD,SOUTH DAKOTA  HIGHWAY PATROL,1005-00-073-9421,"RIFLE,5.56 MILLIMETER",1,Each,$499.00 ,D,1,8/14/1996 0:00
SD,SOUTH DAKOTA  HIGHWAY PATROL,1005-00-589-1271,"RIFLE,7.62 MILLIMETER",1,Each,$138.00 ,D,1,11/3/1993 0:00
SD,SOUTH DAKOTA  HIGHWAY PATROL,1005-00-589-1271,"RIFLE,7.62 MILLIMETER",1,Each,$138.00 ,D,1,11/3/1993 0:00
SD,SOUTH DAKOTA  HIGHWAY PATROL,1005-00-179-0300,"RIFLE,7.62 MILLIMETER",1,Each,"$1,278.00 ",D,1,8/14/1996 0:00
SD,SOUTH DAKOTA  HIGHWAY PATROL,1005-00-589-1271,"RIFLE,7.62 MILLIMETER",1,Each,$138.00 ,D,1,11/3/1993 0:00
SD,SOUTH DAKOTA  HIGHWAY PATROL,1005-00-589-1271,"RIFLE,7.62 MILLIMETER",1,Each,$138.00 ,D,1,11/3/1993 0:00
SD,SOUTH DAKOTA  HIGHWAY PATROL,1005-00-589-1271,"RIFLE,7.62 MILLIMETER",1,Each,$138.00 ,D,1,11/3/1993 0:00
SD,SOUTH DAKOTA  HIGHWAY PATROL,1005-00-073-9421,"RIFLE,5.56 MILLIMETER",1,Each,$499.00 ,D,1,8/14/1996 0:00
SD,SOUTH DAKOTA  HIGHWAY PATROL,1005-00-073-9421,"RIFLE,5.56 MILLIMETER",1,Each,$499.00 ,D,1,8/14/1996 0:00
SD,SOUTH DAKOTA  HIGHWAY PATROL,2355-01-562-6146,MINE RESISTANT VEHICLE,1,Each,"$689,000.00 ",C,1,3/28/2014 0:00
SD,SOUTH DAKOTA  HIGHWAY PATROL,1240-01-540-3690,"SIGHT,REFLEX",4,Each,$335.00 ,D,1,4/30/2012 0:00
SD,SOUTH DAKOTA  HIGHWAY PATROL,1240-01-411-1265,"SIGHT,REFLEX",33,Each,$335.00 ,D,1,3/7/2012 0:00
SD,SOUTH DAKOTA  HIGHWAY PATROL,1240-01-540-3690,"SIGHT,REFLEX",2,Each,$335.00 ,D,1,4/30/2012 0:00
SD,SOUTH DAKOTA  HIGHWAY PATROL,1240-01-540-3690,"SIGHT,REFLEX",70,Each,$335.00 ,D,1,5/30/2012 0:00
SD,SOUTH DAKOTA  HIGHWAY PATROL,1240-01-411-1265,"SIGHT,REFLEX",6,Each,$335.00 ,D,1,3/1/2012 0:00
SD,SPEARFISH POLICE DEPT,1005-00-073-9421,"RIFLE,5.56 MILLIMETER",1,Each,$499.00 ,D,1,3/26/1998 0:00
SD,SPEARFISH POLICE DEPT,1005-00-073-9421,"RIFLE,5.56 MILLIMETER",1,Each,$499.00 ,D,1,3/26/1998 0:00
SD,SPEARFISH POLICE DEPT,1005-00-073-9421,"RIFLE,5.56 MILLIMETER",1,Each,$499.00 ,D,1,3/26/1998 0:00
SD,SPEARFISH POLICE DEPT,1005-00-073-9421,"RIFLE,5.56 MILLIMETER",1,Each,$499.00 ,D,1,3/26/1998 0:00
SD,SPEARFISH POLICE DEPT,1005-00-073-9421,"RIFLE,5.56 MILLIMETER",1,Each,$499.00 ,D,1,3/26/1998 0:00
SD,SPEARFISH POLICE DEPT,1005-00-073-9421,"RIFLE,5.56 MILLIMETER",1,Each,$499.00 ,D,1,3/26/1998 0:00
SD,SPINK COUNTY SHERIFF DEPT,1005-00-073-9421,"RIFLE,5.56 MILLIMETER",1,Each,$499.00 ,D,1,9/5/2006 0:00
SD,SPINK COUNTY SHERIFF DEPT,1005-00-073-9421,"RIFLE,5.56 MILLIMETER",1,Each,$499.00 ,D,1,9/5/2006 0:00
SD,SPINK COUNTY SHERIFF DEPT,1005-00-073-9421,"RIFLE,5.56 MILLIMETER",1,Each,$499.00 ,D,1,8/9/1996 0:00
SD,SPINK COUNTY SHERIFF DEPT,1005-00-073-9421,"RIFLE,5.56 MILLIMETER",1,Each,$499.00 ,D,1,9/5/2006 0:00
SD,SPINK COUNTY SHERIFF DEPT,1005-00-073-9421,"RIFLE,5.56 MILLIMETER",1,Each,$499.00 ,D,1,4/29/1997 0:00
SD,SPINK COUNTY SHERIFF DEPT,1005-00-073-9421,"RIFLE,5.56 MILLIMETER",1,Each,$499.00 ,D,1,4/29/1997 0:00
SD,SPINK COUNTY SHERIFF DEPT,1005-00-073-9421,"RIFLE,5.56 MILLIMETER",1,Each,$499.00 ,D,1,8/9/1996 0:00
SD,SPINK COUNTY SHERIFF DEPT,1005-00-073-9421,"RIFLE,5.56 MILLIMETER",1,Each,$499.00 ,D,1,9/5/2006 0:00
SD,SPRINGFIELD POLICE DEPT,1005-00-073-9421,"RIFLE,5.56 MILLIMETER",1,Each,$499.00 ,D,1,4/29/1997 0:00
SD,SPRINGFIELD POLICE DEPT,1005-00-589-1271,"RIFLE,7.62 MILLIMETER",1,Each,$138.00 ,D,1,11/3/1993 0:00
SD,STANLEY COUNTY SHERIFF DEPT,1005-00-073-9421,"RIFLE,5.56 MILLIMETER",1,Each,$499.00 ,D,1,6/25/1998 0:00
SD,STANLEY COUNTY SHERIFF DEPT,1005-00-073-9421,"RIFLE,5.56 MILLIMETER",1,Each,$499.00 ,D,1,4/21/1997 0:00
SD,STANLEY COUNTY SHERIFF DEPT,1005-00-589-1271,"RIFLE,7.62 MILLIMETER",1,Each,$138.00 ,D,1,1/10/2005 0:00
SD,STANLEY COUNTY SHERIFF DEPT,1005-00-073-9421,"RIFLE,5.56 MILLIMETER",1,Each,$499.00 ,D,1,6/25/1998 0:00
SD,STURGIS POLICE DEPT,1005-00-073-9421,"RIFLE,5.56 MILLIMETER",1,Each,$499.00 ,D,1,12/28/1998 0:00
SD,STURGIS POLICE DEPT,1005-01-128-9936,"RIFLE,5.56 MILLIMETER",1,Each,$749.00 ,D,1,9/18/2017 0:00
SD,STURGIS POLICE DEPT,1005-01-128-9936,"RIFLE,5.56 MILLIMETER",1,Each,$749.00 ,D,1,9/18/2017 0:00
SD,TRIPP COUNTY SHERIFF OFFICE,2320-01-146-7189,"TRUCK,UTILITY",1,Each,"$41,994.00 ",C,1,6/5/2018 0:00
SD,TRIPP POLICE DEPT,1005-00-589-1271,"RIFLE,7.62 MILLIMETER",1,Each,$138.00 ,D,1,11/3/1993 0:00
SD,TURNER COUNTY SHERIFF OFFICE,1005-00-073-9421,"RIFLE,5.56 MILLIMETER",1,Each,$499.00 ,D,1,12/1/1998 0:00
SD,TURNER COUNTY SHERIFF OFFICE,1005-00-073-9421,"RIFLE,5.56 MILLIMETER",1,Each,$499.00 ,D,1,10/21/1998 0:00
SD,TURNER COUNTY SHERIFF OFFICE,1005-00-073-9421,"RIFLE,5.56 MILLIMETER",1,Each,$499.00 ,D,1,10/21/1998 0:00
SD,TURNER COUNTY SHERIFF OFFICE,1005-00-073-9421,"RIFLE,5.56 MILLIMETER",1,Each,$499.00 ,D,1,10/21/1998 0:00
SD,TURNER COUNTY SHERIFF OFFICE,1005-00-073-9421,"RIFLE,5.56 MILLIMETER",1,Each,$499.00 ,D,1,12/1/1998 0:00
SD,TURNER COUNTY SHERIFF OFFICE,1005-00-073-9421,"RIFLE,5.56 MILLIMETER",1,Each,$499.00 ,D,1,12/16/1998 0:00
SD,TURNER COUNTY SHERIFF OFFICE,1005-00-073-9421,"RIFLE,5.56 MILLIMETER",1,Each,$499.00 ,D,1,6/25/1998 0:00
SD,TURNER COUNTY SHERIFF OFFICE,1005-00-073-9421,"RIFLE,5.56 MILLIMETER",1,Each,$499.00 ,D,1,6/25/1998 0:00
SD,UNION COUNTY SHERIFF DEPT,1005-00-589-1271,"RIFLE,7.62 MILLIMETER",1,Each,$138.00 ,D,1,8/8/1994 0:00
SD,VERMILLION POLICE DEPARTMENT,1240-01-411-1265,"SIGHT,REFLEX",19,Each,$335.00 ,D,1,4/20/2015 0:00
SD,WALWORTH COUNTY SHERIFF DEPT,1005-00-589-1271,"RIFLE,7.62 MILLIMETER",1,Each,$138.00 ,D,1,10/15/2001 0:00
SD,WALWORTH COUNTY SHERIFF DEPT,1005-01-128-9936,"RIFLE,5.56 MILLIMETER",1,Each,$749.00 ,D,1,9/18/2017 0:00
SD,WALWORTH COUNTY SHERIFF DEPT,1005-00-726-5655,"PISTOL,CALIBER .45,AUTOMATIC",1,Each,$58.71 ,D,1,3/4/2010 0:00
SD,WALWORTH COUNTY SHERIFF DEPT,1005-01-128-9936,"RIFLE,5.56 MILLIMETER",1,Each,$749.00 ,D,1,9/18/2017 0:00
SD,WALWORTH COUNTY SHERIFF DEPT,1005-01-128-9936,"RIFLE,5.56 MILLIMETER",1,Each,$749.00 ,D,1,9/18/2017 0:00
SD,WALWORTH COUNTY SHERIFF DEPT,1005-00-073-9421,"RIFLE,5.56 MILLIMETER",1,Each,$499.00 ,D,1,4/30/2008 0:00
SD,WEBSTER POLICE DEPARTMENT,1005-00-073-9421,"RIFLE,5.56 MILLIMETER",1,Each,$499.00 ,D,1,3/25/1998 0:00
SD,WEBSTER POLICE DEPARTMENT,1005-00-073-9421,"RIFLE,5.56 MILLIMETER",1,Each,$499.00 ,D,1,3/25/1998 0:00
SD,WINNER POLICE DEPT,1005-00-073-9421,"RIFLE,5.56 MILLIMETER",1,Each,$499.00 ,D,1,10/15/2002 0:00
SD,WINNER POLICE DEPT,1005-00-073-9421,"RIFLE,5.56 MILLIMETER",1,Each,$499.00 ,D,1,10/15/2002 0:00
SD,WINNER POLICE DEPT,1005-00-073-9421,"RIFLE,5.56 MILLIMETER",1,Each,$499.00 ,D,1,12/19/1995 0:00
SD,WINNER POLICE DEPT,1005-00-073-9421,"RIFLE,5.56 MILLIMETER",1,Each,$499.00 ,D,1,10/15/2002 0:00
SD,WINNER POLICE DEPT,1005-00-073-9421,"RIFLE,5.56 MILLIMETER",1,Each,$499.00 ,D,1,10/15/2002 0:00
SD,WINNER POLICE DEPT,1005-00-073-9421,"RIFLE,5.56 MILLIMETER",1,Each,$499.00 ,D,1,10/15/2002 0:00
SD,WINNER POLICE DEPT,1005-00-073-9421,"RIFLE,5.56 MILLIMETER",1,Each,$499.00 ,D,1,12/19/1995 0:00
SD,WINNER POLICE DEPT,1005-00-073-9421,"RIFLE,5.56 MILLIMETER",1,Each,$499.00 ,D,1,12/19/1995 0:00
SD,WINNER POLICE DEPT,1005-00-073-9421,"RIFLE,5.56 MILLIMETER",1,Each,$499.00 ,D,1,12/19/1995 0:00
SD,WINNER POLICE DEPT,1005-00-073-9421,"RIFLE,5.56 MILLIMETER",1,Each,$499.00 ,D,1,12/19/1995 0:00
SD,WINNER POLICE DEPT,1005-00-073-9421,"RIFLE,5.56 MILLIMETER",1,Each,$499.00 ,D,1,12/19/1995 0:00
SD,YANKTON COUNTY SHERIFF DEPT,1240-01-411-1265,"SIGHT,REFLEX",6,Each,$335.00 ,D,1,5/20/2010 0:00
SD,YANKTON COUNTY SHERIFF DEPT,1005-00-073-9421,"RIFLE,5.56 MILLIMETER",1,Each,$499.00 ,D,1,4/25/1998 0:00
SD,YANKTON COUNTY SHERIFF DEPT,1005-00-589-1271,"RIFLE,7.62 MILLIMETER",1,Each,$138.00 ,D,1,8/8/1994 0:00
SD,YANKTON COUNTY SHERIFF DEPT,1005-00-073-9421,"RIFLE,5.56 MILLIMETER",1,Each,$499.00 ,D,1,4/25/1998 0:00
SD,YANKTON COUNTY SHERIFF DEPT,1005-00-589-1271,"RIFLE,7.62 MILLIMETER",1,Each,$138.00 ,D,1,8/8/1994 0:00
SD,YANKTON COUNTY SHERIFF DEPT,1005-00-073-9421,"RIFLE,5.56 MILLIMETER",1,Each,$499.00 ,D,1,4/25/1998 0:00
SD,YANKTON COUNTY SHERIFF DEPT,1005-00-073-9421,"RIFLE,5.56 MILLIMETER",1,Each,$499.00 ,D,1,4/25/1998 0:00
SD,YANKTON POLICE DEPT,1005-01-128-9936,"RIFLE,5.56 MILLIMETER",1,Each,$749.00 ,D,1,9/18/2017 0:00
SD,YANKTON POLICE DEPT,1005-01-128-9936,"RIFLE,5.56 MILLIMETER",1,Each,$749.00 ,D,1,9/18/2017 0:00
SD,YANKTON POLICE DEPT,1005-01-128-9936,"RIFLE,5.56 MILLIMETER",1,Each,$749.00 ,D,1,9/18/2017 0:00
SD,YANKTON POLICE DEPT,1005-01-128-9936,"RIFLE,5.56 MILLIMETER",1,Each,$749.00 ,D,1,9/18/2017 0:00
SD,YANKTON POLICE DEPT,1240-01-490-7308,"SIGHT,REFLEX",9,Each,"$1,170.55 ",D,1,9/7/2016 0:00
SD,YANKTON POLICE DEPT,1005-00-921-5004,"MAGAZINE,CARTRIDGE",90,Each,$13.69 ,D,1,3/7/2013 0:00
SD,YANKTON POLICE DEPT,1005-01-128-9936,"RIFLE,5.56 MILLIMETER",1,Each,$749.00 ,D,1,9/18/2017 0:00
SD,YANKTON POLICE DEPT,1005-01-128-9936,"RIFLE,5.56 MILLIMETER",1,Each,$749.00 ,D,1,9/18/2017 0:00
SD,YANKTON POLICE DEPT,1385-01-574-4707,"UNMANNED VEHICLE,GROUND",1,Each,"$10,000.00 ",Q,3,1/28/2013 0:00
SD,YANKTON POLICE DEPT,1005-01-128-9936,"RIFLE,5.56 MILLIMETER",1,Each,$749.00 ,D,1,9/18/2017 0:00
SD,YANKTON POLICE DEPT,1240-01-540-3690,"SIGHT,REFLEX",2,Each,$335.00 ,D,1,4/30/2012 0:00
SD,YANKTON POLICE DEPT,1240-01-411-1265,"SIGHT,REFLEX",6,Each,$335.00 ,D,1,5/20/2010 0:00
SD,YANKTON POLICE DEPT,1005-01-128-9936,"RIFLE,5.56 MILLIMETER",1,Each,$749.00 ,D,1,9/18/2017 0:00
SD,ZIEBACH COUNTY SHERIFF OFFICE,1005-00-073-9421,"RIFLE,5.56 MILLIMETER",1,Each,$499.00 ,D,1,6/25/1998 0:00
SD,ZIEBACH COUNTY SHERIFF OFFICE,1005-00-073-9421,"RIFLE,5.56 MILLIMETER",1,Each,$499.00 ,D,1,6/25/1998 0:00
SD,ZIEBACH COUNTY SHERIFF OFFICE,1005-00-726-5655,"PISTOL,CALIBER .45,AUTOMATIC",1,Each,$58.71 ,D,1,3/4/2010 0:00
SD,ZIEBACH COUNTY SHERIFF OFFICE,1005-00-726-5655,"PISTOL,CALIBER .45,AUTOMATIC",1,Each,$58.71 ,D,1,3/4/2010 0:00
